Alloy code, C, Si, Mn, P, S, Ni, Cr, Mo, Cu, Al, N, Temperature (ĄãC), 0.2% Proof Stress (MPa), Tensile Strength (MPa), Elongation (%), Reduction in Area (%)
MBB,0.12,0.36,0.52,0.009,0.003,0.089,0.97,0.61,0.04,0.003,0.0066,27,342,490,30,71
MBB,0.12,0.36,0.52,0.009,0.003,0.089,0.97,0.61,0.04,0.003,0.0066,100,338,454,27,72
MBB,0.12,0.36,0.52,0.009,0.003,0.089,0.97,0.61,0.04,0.003,0.0066,200,337,465,23,69
MBB,0.12,0.36,0.52,0.009,0.003,0.089,0.97,0.61,0.04,0.003,0.0066,300,346,495,21,70
MBB,0.12,0.36,0.52,0.009,0.003,0.089,0.97,0.61,0.04,0.003,0.0066,400,316,489,26,79
MBB,0.12,0.36,0.52,0.009,0.003,0.089,0.97,0.61,0.04,0.003,0.0066,450,287,461,25,81
MBB,0.12,0.36,0.52,0.009,0.003,0.089,0.97,0.61,0.04,0.003,0.0066,500,274,431,28,85
MBB,0.12,0.36,0.52,0.009,0.003,0.089,0.97,0.61,0.04,0.003,0.0066,550,262,387,32,87
MBB,0.12,0.36,0.52,0.009,0.003,0.089,0.97,0.61,0.04,0.003,0.0066,600,220,314,42,88
MBB,0.12,0.36,0.52,0.009,0.003,0.089,0.97,0.61,0.04,0.003,0.0066,650,152,226,59,92
MBC,0.09,0.37,0.49,0.006,0.005,0.055,0.98,0.57,0.07,0.005,0.008,27,310,463,34,76
MBC,0.09,0.37,0.49,0.006,0.005,0.055,0.98,0.57,0.07,0.005,0.008,100,285,427,31,79
MBC,0.09,0.37,0.49,0.006,0.005,0.055,0.98,0.57,0.07,0.005,0.008,200,296,439,25,77
MBC,0.09,0.37,0.49,0.006,0.005,0.055,0.98,0.57,0.07,0.005,0.008,300,265,471,24,76
MBC,0.09,0.37,0.49,0.006,0.005,0.055,0.98,0.57,0.07,0.005,0.008,400,257,472,28,78
MBC,0.09,0.37,0.49,0.006,0.005,0.055,0.98,0.57,0.07,0.005,0.008,450,240,451,26,80
MBC,0.09,0.37,0.49,0.006,0.005,0.055,0.98,0.57,0.07,0.005,0.008,500,232,423,28,84
MBC,0.09,0.37,0.49,0.006,0.005,0.055,0.98,0.57,0.07,0.005,0.008,550,207,367,34,86
MBC,0.09,0.37,0.49,0.006,0.005,0.055,0.98,0.57,0.07,0.005,0.008,600,176,297,44,89
MBC,0.09,0.37,0.49,0.006,0.005,0.055,0.98,0.57,0.07,0.005,0.008,650,132,205,67,92
MBD,0.1,0.28,0.49,0.008,0.009,0.028,0.9,0.56,0.08,0.006,0.009,27,306,463,32,78
MBD,0.1,0.28,0.49,0.008,0.009,0.028,0.9,0.56,0.08,0.006,0.009,100,258,432,26,76
MBD,0.1,0.28,0.49,0.008,0.009,0.028,0.9,0.56,0.08,0.006,0.009,200,303,459,22,73
MBD,0.1,0.28,0.49,0.008,0.009,0.028,0.9,0.56,0.08,0.006,0.009,300,275,473,23,69
MBD,0.1,0.28,0.49,0.008,0.009,0.028,0.9,0.56,0.08,0.006,0.009,400,264,464,25,75
MBD,0.1,0.28,0.49,0.008,0.009,0.028,0.9,0.56,0.08,0.006,0.009,450,252,451,23,78
MBD,0.1,0.28,0.49,0.008,0.009,0.028,0.9,0.56,0.08,0.006,0.009,500,237,424,24,81
MBD,0.1,0.28,0.49,0.008,0.009,0.028,0.9,0.56,0.08,0.006,0.009,550,228,378,28,84
MBD,0.1,0.28,0.49,0.008,0.009,0.028,0.9,0.56,0.08,0.006,0.009,600,212,297,37,88
MBD,0.1,0.28,0.49,0.008,0.009,0.028,0.9,0.56,0.08,0.006,0.009,650,143,221,60,91
MBE,0.12,0.43,0.48,0.014,0.008,0.051,0.96,0.56,0.08,0.006,0.008,27,343,502,32,76
MBE,0.12,0.43,0.48,0.014,0.008,0.051,0.96,0.56,0.08,0.006,0.008,100,326,467,28,76
MBE,0.12,0.43,0.48,0.014,0.008,0.051,0.96,0.56,0.08,0.006,0.008,200,329,482,23,73
MBE,0.12,0.43,0.48,0.014,0.008,0.051,0.96,0.56,0.08,0.006,0.008,300,277,505,22,67
MBE,0.12,0.43,0.48,0.014,0.008,0.051,0.96,0.56,0.08,0.006,0.008,400,249,493,27,76
MBE,0.12,0.43,0.48,0.014,0.008,0.051,0.96,0.56,0.08,0.006,0.008,450,253,475,24,77
MBE,0.12,0.43,0.48,0.014,0.008,0.051,0.96,0.56,0.08,0.006,0.008,500,255,434,24,81
MBE,0.12,0.43,0.48,0.014,0.008,0.051,0.96,0.56,0.08,0.006,0.008,550,229,383,29,86
MBE,0.12,0.43,0.48,0.014,0.008,0.051,0.96,0.56,0.08,0.006,0.008,600,202,301,36,89
MBE,0.12,0.43,0.48,0.014,0.008,0.051,0.96,0.56,0.08,0.006,0.008,650,143,221,51,91
MBF,0.12,0.28,0.44,0.018,0.008,0.03,0.99,0.54,0.08,0.007,0.01,27,339,493,33,77
MBF,0.12,0.28,0.44,0.018,0.008,0.03,0.99,0.54,0.08,0.007,0.01,100,329,464,28,76
MBF,0.12,0.28,0.44,0.018,0.008,0.03,0.99,0.54,0.08,0.007,0.01,200,315,475,23,72
MBF,0.12,0.28,0.44,0.018,0.008,0.03,0.99,0.54,0.08,0.007,0.01,300,270,497,22,69
MBF,0.12,0.28,0.44,0.018,0.008,0.03,0.99,0.54,0.08,0.007,0.01,400,257,482,24,73
MBF,0.12,0.28,0.44,0.018,0.008,0.03,0.99,0.54,0.08,0.007,0.01,450,256,465,25,77
MBF,0.12,0.28,0.44,0.018,0.008,0.03,0.99,0.54,0.08,0.007,0.01,500,256,442,25,82
MBF,0.12,0.28,0.44,0.018,0.008,0.03,0.99,0.54,0.08,0.007,0.01,550,238,389,30,85
MBF,0.12,0.28,0.44,0.018,0.008,0.03,0.99,0.54,0.08,0.007,0.01,600,213,308,37,89
MBF,0.12,0.28,0.44,0.018,0.008,0.03,0.99,0.54,0.08,0.007,0.01,650,146,226,57,92
MBG,0.12,0.37,0.45,0.018,0.008,0.035,1,0.5,0.06,0.009,0.0088,27,251,456,32,73
MBG,0.12,0.37,0.45,0.018,0.008,0.035,1,0.5,0.06,0.009,0.0088,100,240,420,30,73
MBG,0.12,0.37,0.45,0.018,0.008,0.035,1,0.5,0.06,0.009,0.0088,200,261,449,24,71
MBG,0.12,0.37,0.45,0.018,0.008,0.035,1,0.5,0.06,0.009,0.0088,300,203,479,23,69
MBG,0.12,0.37,0.45,0.018,0.008,0.035,1,0.5,0.06,0.009,0.0088,400,192,482,27,76
MBG,0.12,0.37,0.45,0.018,0.008,0.035,1,0.5,0.06,0.009,0.0088,450,186,471,26,78
MBG,0.12,0.37,0.45,0.018,0.008,0.035,1,0.5,0.06,0.009,0.0088,500,192,435,25,83
MBG,0.12,0.37,0.45,0.018,0.008,0.035,1,0.5,0.06,0.009,0.0088,550,177,375,30,85
MBG,0.12,0.37,0.45,0.018,0.008,0.035,1,0.5,0.06,0.009,0.0088,600,170,304,38,89
MBG,0.12,0.37,0.45,0.018,0.008,0.035,1,0.5,0.06,0.009,0.0088,650,122,211,51,92
MBH,0.12,0.36,0.45,0.018,0.007,0.028,1,0.53,0.05,0.007,0.008,27,239,453,35,72
MBH,0.12,0.36,0.45,0.018,0.007,0.028,1,0.53,0.05,0.007,0.008,100,229,419,27,72
MBH,0.12,0.36,0.45,0.018,0.007,0.028,1,0.53,0.05,0.007,0.008,200,244,449,23,70
MBH,0.12,0.36,0.45,0.018,0.007,0.028,1,0.53,0.05,0.007,0.008,300,210,485,23,69
MBH,0.12,0.36,0.45,0.018,0.007,0.028,1,0.53,0.05,0.007,0.008,400,174,474,27,74
MBH,0.12,0.36,0.45,0.018,0.007,0.028,1,0.53,0.05,0.007,0.008,450,194,468,28,77
MBH,0.12,0.36,0.45,0.018,0.007,0.028,1,0.53,0.05,0.007,0.008,500,181,434,26,82
MBH,0.12,0.36,0.45,0.018,0.007,0.028,1,0.53,0.05,0.007,0.008,550,175,380,30,85
MBH,0.12,0.36,0.45,0.018,0.007,0.028,1,0.53,0.05,0.007,0.008,600,170,296,38,89
MBH,0.12,0.36,0.45,0.018,0.007,0.028,1,0.53,0.05,0.007,0.008,650,124,214,54,93
MBL,0.09,0.32,0.48,0.02,0.017,0.023,1.05,0.52,0.04,0.009,0.0089,27,313,464,29,70
MBL,0.09,0.32,0.48,0.02,0.017,0.023,1.05,0.52,0.04,0.009,0.0089,100,301,421,23,70
MBL,0.09,0.32,0.48,0.02,0.017,0.023,1.05,0.52,0.04,0.009,0.0089,200,324,459,22,67
MBL,0.09,0.32,0.48,0.02,0.017,0.023,1.05,0.52,0.04,0.009,0.0089,300,303,479,21,65
MBL,0.09,0.32,0.48,0.02,0.017,0.023,1.05,0.52,0.04,0.009,0.0089,400,279,482,24,71
MBL,0.09,0.32,0.48,0.02,0.017,0.023,1.05,0.52,0.04,0.009,0.0089,450,277,473,24,73
MBL,0.09,0.32,0.48,0.02,0.017,0.023,1.05,0.52,0.04,0.009,0.0089,500,262,449,24,76
MBL,0.09,0.32,0.48,0.02,0.017,0.023,1.05,0.52,0.04,0.009,0.0089,550,251,395,27,82
MBL,0.09,0.32,0.48,0.02,0.017,0.023,1.05,0.52,0.04,0.009,0.0089,600,220,317,33,84
MBL,0.09,0.32,0.48,0.02,0.017,0.023,1.05,0.52,0.04,0.009,0.0089,650,137,213,78,90
MBM,0.1,0.31,0.51,0.022,0.017,0.02,1.03,0.53,0.04,0.009,0.0076,27,291,462,30,71
MBM,0.1,0.31,0.51,0.022,0.017,0.02,1.03,0.53,0.04,0.009,0.0076,100,315,418,25,70
MBM,0.1,0.31,0.51,0.022,0.017,0.02,1.03,0.53,0.04,0.009,0.0076,200,316,457,20,66
MBM,0.1,0.31,0.51,0.022,0.017,0.02,1.03,0.53,0.04,0.009,0.0076,300,288,479,22,63
MBM,0.1,0.31,0.51,0.022,0.017,0.02,1.03,0.53,0.04,0.009,0.0076,400,270,482,24,71
MBM,0.1,0.31,0.51,0.022,0.017,0.02,1.03,0.53,0.04,0.009,0.0076,450,272,479,23,73
MBM,0.1,0.31,0.51,0.022,0.017,0.02,1.03,0.53,0.04,0.009,0.0076,500,256,441,23,77
MBM,0.1,0.31,0.51,0.022,0.017,0.02,1.03,0.53,0.04,0.009,0.0076,550,240,393,26,81
MBM,0.1,0.31,0.51,0.022,0.017,0.02,1.03,0.53,0.04,0.009,0.0076,600,218,299,42,87
MBM,0.1,0.31,0.51,0.022,0.017,0.02,1.03,0.53,0.04,0.009,0.0076,650,136,217,52,90
MBN,0.1,0.3,0.49,0.02,0.018,0.023,1.04,0.5,0.04,0.009,0.0089,27,312,452,30,71
MBN,0.1,0.3,0.49,0.02,0.018,0.023,1.04,0.5,0.04,0.009,0.0089,100,304,420,25,73
MBN,0.1,0.3,0.49,0.02,0.018,0.023,1.04,0.5,0.04,0.009,0.0089,200,311,454,22,64
MBN,0.1,0.3,0.49,0.02,0.018,0.023,1.04,0.5,0.04,0.009,0.0089,300,242,529,20,65
MBN,0.1,0.3,0.49,0.02,0.018,0.023,1.04,0.5,0.04,0.009,0.0089,400,291,483,23,72
MBN,0.1,0.3,0.49,0.02,0.018,0.023,1.04,0.5,0.04,0.009,0.0089,450,280,479,23,72
MBN,0.1,0.3,0.49,0.02,0.018,0.023,1.04,0.5,0.04,0.009,0.0089,500,260,448,24,77
MBN,0.1,0.3,0.49,0.02,0.018,0.023,1.04,0.5,0.04,0.009,0.0089,550,240,383,28,82
MBN,0.1,0.3,0.49,0.02,0.018,0.023,1.04,0.5,0.04,0.009,0.0089,600,215,304,34,86
MBN,0.1,0.3,0.49,0.02,0.018,0.023,1.04,0.5,0.04,0.009,0.0089,650,150,220,46,90
CAA,0.2,0.31,0.59,0.018,0.009,0,0.046,0.011,0.05,0.006,0.0056,27,280,480,31,64
CAA,0.2,0.31,0.59,0.018,0.009,0,0.046,0.011,0.05,0.006,0.0056,100,270,471,21,57
CAA,0.2,0.31,0.59,0.018,0.009,0,0.046,0.011,0.05,0.006,0.0056,200,272,591,19,48
CAA,0.2,0.31,0.59,0.018,0.009,0,0.046,0.011,0.05,0.006,0.0056,300,197,553,29,57
CAA,0.2,0.31,0.59,0.018,0.009,0,0.046,0.011,0.05,0.006,0.0056,350,185,509,34,66
CAA,0.2,0.31,0.59,0.018,0.009,0,0.046,0.011,0.05,0.006,0.0056,400,177,444,34,69
CAA,0.2,0.31,0.59,0.018,0.009,0,0.046,0.011,0.05,0.006,0.0056,450,176,373,37,75
CAA,0.2,0.31,0.59,0.018,0.009,0,0.046,0.011,0.05,0.006,0.0056,500,156,306,45,82
CAA,0.2,0.31,0.59,0.018,0.009,0,0.046,0.011,0.05,0.006,0.0056,550,131,234,61,90
CAB,0.2,0.28,0.6,0.018,0.008,0,0.045,0.01,0.05,0.005,0.0066,27,290,470,32,65
CAB,0.2,0.28,0.6,0.018,0.008,0,0.045,0.01,0.05,0.005,0.0066,100,278,456,22,60
CAB,0.2,0.28,0.6,0.018,0.008,0,0.045,0.01,0.05,0.005,0.0066,200,277,572,19,48
CAB,0.2,0.28,0.6,0.018,0.008,0,0.045,0.01,0.05,0.005,0.0066,300,187,540,30,58
CAB,0.2,0.28,0.6,0.018,0.008,0,0.045,0.01,0.05,0.005,0.0066,350,188,500,32,65
CAB,0.2,0.28,0.6,0.018,0.008,0,0.045,0.01,0.05,0.005,0.0066,400,166,431,37,67
CAB,0.2,0.28,0.6,0.018,0.008,0,0.045,0.01,0.05,0.005,0.0066,450,171,371,36,76
CAB,0.2,0.28,0.6,0.018,0.008,0,0.045,0.01,0.05,0.005,0.0066,500,152,302,40,83
CAB,0.2,0.28,0.6,0.018,0.008,0,0.045,0.01,0.05,0.005,0.0066,550,127,229,44,88
CAC,0.2,0.29,0.55,0.021,0.009,0,0.054,0.012,0.05,0.004,0.0058,27,285,470,31,62
CAC,0.2,0.29,0.55,0.021,0.009,0,0.054,0.012,0.05,0.004,0.0058,100,271,453,22,60
CAC,0.2,0.29,0.55,0.021,0.009,0,0.054,0.012,0.05,0.004,0.0058,200,267,564,18,48
CAC,0.2,0.29,0.55,0.021,0.009,0,0.054,0.012,0.05,0.004,0.0058,300,187,546,30,56
CAC,0.2,0.29,0.55,0.021,0.009,0,0.054,0.012,0.05,0.004,0.0058,350,184,485,35,66
CAC,0.2,0.29,0.55,0.021,0.009,0,0.054,0.012,0.05,0.004,0.0058,400,172,427,35,70
CAC,0.2,0.29,0.55,0.021,0.009,0,0.054,0.012,0.05,0.004,0.0058,450,179,372,36,78
CAC,0.2,0.29,0.55,0.021,0.009,0,0.054,0.012,0.05,0.004,0.0058,500,165,309,41,83
CAC,0.2,0.29,0.55,0.021,0.009,0,0.054,0.012,0.05,0.004,0.0058,550,135,237,60,89
CAG,0.21,0.21,0.62,0.014,0.014,0,0.046,0.019,0.05,0.008,0.003,27,315,500,30,64
CAG,0.21,0.21,0.62,0.014,0.014,0,0.046,0.019,0.05,0.008,0.003,100,276,456,23,63
CAG,0.21,0.21,0.62,0.014,0.014,0,0.046,0.019,0.05,0.008,0.003,200,280,540,18,52
CAG,0.21,0.21,0.62,0.014,0.014,0,0.046,0.019,0.05,0.008,0.003,300,202,534,27,57
CAG,0.21,0.21,0.62,0.014,0.014,0,0.046,0.019,0.05,0.008,0.003,350,197,495,32,65
CAG,0.21,0.21,0.62,0.014,0.014,0,0.046,0.019,0.05,0.008,0.003,400,198,443,32,69
CAG,0.21,0.21,0.62,0.014,0.014,0,0.046,0.019,0.05,0.008,0.003,450,172,379,38,74
CAG,0.21,0.21,0.62,0.014,0.014,0,0.046,0.019,0.05,0.008,0.003,500,173,319,38,78
CAG,0.21,0.21,0.62,0.014,0.014,0,0.046,0.019,0.05,0.008,0.003,550,139,254,40,83
CAH,0.24,0.24,0.64,0.015,0.013,0,0.074,0.019,0.05,0.011,0.006,27,300,480,31,63
CAH,0.24,0.24,0.64,0.015,0.013,0,0.074,0.019,0.05,0.011,0.006,100,291,471,24,63
CAH,0.24,0.24,0.64,0.015,0.013,0,0.074,0.019,0.05,0.011,0.006,200,293,534,19,53
CAH,0.24,0.24,0.64,0.015,0.013,0,0.074,0.019,0.05,0.011,0.006,300,231,552,29,59
CAH,0.24,0.24,0.64,0.015,0.013,0,0.074,0.019,0.05,0.011,0.006,350,231,506,34,67
CAH,0.24,0.24,0.64,0.015,0.013,0,0.074,0.019,0.05,0.011,0.006,400,230,467,32,70
CAH,0.24,0.24,0.64,0.015,0.013,0,0.074,0.019,0.05,0.011,0.006,450,206,386,36,74
CAH,0.24,0.24,0.64,0.015,0.013,0,0.074,0.019,0.05,0.011,0.006,500,199,335,38,79
CAH,0.24,0.24,0.64,0.015,0.013,0,0.074,0.019,0.05,0.011,0.006,550,149,258,49,83
CAJ,0.2,0.2,0.47,0.007,0.009,0,0.056,0.01,0.07,0.005,0.011,27,290,480,32,64
CAJ,0.2,0.2,0.47,0.007,0.009,0,0.056,0.01,0.07,0.005,0.011,100,297,510,19,51
CAJ,0.2,0.2,0.47,0.007,0.009,0,0.056,0.01,0.07,0.005,0.011,200,291,650,22,43
CAJ,0.2,0.2,0.47,0.007,0.009,0,0.056,0.01,0.07,0.005,0.011,300,189,572,33,58
CAJ,0.2,0.2,0.47,0.007,0.009,0,0.056,0.01,0.07,0.005,0.011,350,187,497,35,61
CAJ,0.2,0.2,0.47,0.007,0.009,0,0.056,0.01,0.07,0.005,0.011,400,193,426,40,68
CAJ,0.2,0.2,0.47,0.007,0.009,0,0.056,0.01,0.07,0.005,0.011,450,181,368,36,67
CAJ,0.2,0.2,0.47,0.007,0.009,0,0.056,0.01,0.07,0.005,0.011,500,164,273,35,68
CAJ,0.2,0.2,0.47,0.007,0.009,0,0.056,0.01,0.07,0.005,0.011,550,114,231,44,76
CAL,0.21,0.32,0.48,0.02,0.018,0,0.017,0.006,0.08,0.004,0.0044,27,275,460,33,64
CAL,0.21,0.32,0.48,0.02,0.018,0,0.017,0.006,0.08,0.004,0.0044,100,260,439,25,62
CAL,0.21,0.32,0.48,0.02,0.018,0,0.017,0.006,0.08,0.004,0.0044,200,260,519,19,54
CAL,0.21,0.32,0.48,0.02,0.018,0,0.017,0.006,0.08,0.004,0.0044,300,197,512,30,58
CAL,0.21,0.32,0.48,0.02,0.018,0,0.017,0.006,0.08,0.004,0.0044,350,188,469,32,67
CAL,0.21,0.32,0.48,0.02,0.018,0,0.017,0.006,0.08,0.004,0.0044,400,190,404,37,73
CAL,0.21,0.32,0.48,0.02,0.018,0,0.017,0.006,0.08,0.004,0.0044,450,187,356,45,84
CAL,0.21,0.32,0.48,0.02,0.018,0,0.017,0.006,0.08,0.004,0.0044,500,154,275,48,83
CAL,0.21,0.32,0.48,0.02,0.018,0,0.017,0.006,0.08,0.004,0.0044,550,137,227,50,88
CAM,0.2,0.31,0.5,0.022,0.017,0,0.017,0.006,0.09,0.004,0.0037,27,270,460,32,65
CAM,0.2,0.31,0.5,0.022,0.017,0,0.017,0.006,0.09,0.004,0.0037,100,244,434,24,63
CAM,0.2,0.31,0.5,0.022,0.017,0,0.017,0.006,0.09,0.004,0.0037,200,240,517,19,54
CAM,0.2,0.31,0.5,0.022,0.017,0,0.017,0.006,0.09,0.004,0.0037,300,202,509,30,60
CAM,0.2,0.31,0.5,0.022,0.017,0,0.017,0.006,0.09,0.004,0.0037,350,195,472,37,65
CAM,0.2,0.31,0.5,0.022,0.017,0,0.017,0.006,0.09,0.004,0.0037,400,197,413,36,72
CAM,0.2,0.31,0.5,0.022,0.017,0,0.017,0.006,0.09,0.004,0.0037,450,178,349,41,77
CAM,0.2,0.31,0.5,0.022,0.017,0,0.017,0.006,0.09,0.004,0.0037,500,160,276,42,84
CAM,0.2,0.31,0.5,0.022,0.017,0,0.017,0.006,0.09,0.004,0.0037,550,137,209,57,90
CAN,0.23,0.32,0.53,0.023,0.016,0,0.022,0.005,0.07,0.005,0.0051,27,285,470,34,66
CAN,0.23,0.32,0.53,0.023,0.016,0,0.022,0.005,0.07,0.005,0.0051,100,267,446,25,64
CAN,0.23,0.32,0.53,0.023,0.016,0,0.022,0.005,0.07,0.005,0.0051,200,251,502,20,56
CAN,0.23,0.32,0.53,0.023,0.016,0,0.022,0.005,0.07,0.005,0.0051,300,183,561,31,58
CAN,0.23,0.32,0.53,0.023,0.016,0,0.022,0.005,0.07,0.005,0.0051,350,190,471,35,65
CAN,0.23,0.32,0.53,0.023,0.016,0,0.022,0.005,0.07,0.005,0.0051,400,200,417,42,73
CAN,0.23,0.32,0.53,0.023,0.016,0,0.022,0.005,0.07,0.005,0.0051,450,202,343,40,77
CAN,0.23,0.32,0.53,0.023,0.016,0,0.022,0.005,0.07,0.005,0.0051,500,171,286,48,81
CAN,0.23,0.32,0.53,0.023,0.016,0,0.022,0.005,0.07,0.005,0.0051,550,125,219,58,87
LAA,0.11,0.3,0.48,0.012,0.01,0,0,0.51,0,0.005,0.0078,27,265,450,35,70
LAA,0.11,0.3,0.48,0.012,0.01,0,0,0.51,0,0.005,0.0078,100,260,442,26,67
LAA,0.11,0.3,0.48,0.012,0.01,0,0,0.51,0,0.005,0.0078,200,247,566,20,55
LAA,0.11,0.3,0.48,0.012,0.01,0,0,0.51,0,0.005,0.0078,300,198,560,27,59
LAA,0.11,0.3,0.48,0.012,0.01,0,0,0.51,0,0.005,0.0078,400,195,493,30,74
LAA,0.11,0.3,0.48,0.012,0.01,0,0,0.51,0,0.005,0.0078,450,181,447,28,78
LAA,0.11,0.3,0.48,0.012,0.01,0,0,0.51,0,0.005,0.0078,500,186,406,27,82
LAA,0.11,0.3,0.48,0.012,0.01,0,0,0.51,0,0.005,0.0078,550,183,363,32,83
LAA,0.11,0.3,0.48,0.012,0.01,0,0,0.51,0,0.005,0.0078,600,174,281,46,87
LAB,0.12,0.25,0.5,0.012,0.01,0,0,0.5,0,0.005,0.0068,27,270,460,34,69
LAB,0.12,0.25,0.5,0.012,0.01,0,0,0.5,0,0.005,0.0068,100,260,450,25,65
LAB,0.12,0.25,0.5,0.012,0.01,0,0,0.5,0,0.005,0.0068,200,260,575,21,52
LAB,0.12,0.25,0.5,0.012,0.01,0,0,0.5,0,0.005,0.0068,300,185,574,29,35
LAB,0.12,0.25,0.5,0.012,0.01,0,0,0.5,0,0.005,0.0068,400,204,484,31,73
LAB,0.12,0.25,0.5,0.012,0.01,0,0,0.5,0,0.005,0.0068,450,222,438,28,78
LAB,0.12,0.25,0.5,0.012,0.01,0,0,0.5,0,0.005,0.0068,500,210,400,29,83
LAB,0.12,0.25,0.5,0.012,0.01,0,0,0.5,0,0.005,0.0068,550,185,349,30,85
LAB,0.12,0.25,0.5,0.012,0.01,0,0,0.5,0,0.005,0.0068,600,163,272,48,89
LAC,0.13,0.31,0.48,0.006,0.007,0,0,0.49,0,0.005,0.006,27,260,450,35,72
LAC,0.13,0.31,0.48,0.006,0.007,0,0,0.49,0,0.005,0.006,100,248,439,24,66
LAC,0.13,0.31,0.48,0.006,0.007,0,0,0.49,0,0.005,0.006,200,254,559,21,55
LAC,0.13,0.31,0.48,0.006,0.007,0,0,0.49,0,0.005,0.006,300,177,571,28,58
LAC,0.13,0.31,0.48,0.006,0.007,0,0,0.49,0,0.005,0.006,400,173,488,30,73
LAC,0.13,0.31,0.48,0.006,0.007,0,0,0.49,0,0.005,0.006,450,189,451,28,78
LAC,0.13,0.31,0.48,0.006,0.007,0,0,0.49,0,0.005,0.006,500,194,420,28,82
LAC,0.13,0.31,0.48,0.006,0.007,0,0,0.49,0,0.005,0.006,550,193,353,32,84
LAC,0.13,0.31,0.48,0.006,0.007,0,0,0.49,0,0.005,0.006,600,174,291,36,86
LAD,0.15,0.22,0.43,0.011,0.022,0.01,0.02,0.5,0.03,0.004,0.004,27,280,430,36,71
LAD,0.15,0.22,0.43,0.011,0.022,0.01,0.02,0.5,0.03,0.004,0.004,100,260,417,23,67
LAD,0.15,0.22,0.43,0.011,0.022,0.01,0.02,0.5,0.03,0.004,0.004,200,273,533,20,61
LAD,0.15,0.22,0.43,0.011,0.022,0.01,0.02,0.5,0.03,0.004,0.004,300,178,524,28,36
LAD,0.15,0.22,0.43,0.011,0.022,0.01,0.02,0.5,0.03,0.004,0.004,400,181,428,31,68
LAD,0.15,0.22,0.43,0.011,0.022,0.01,0.02,0.5,0.03,0.004,0.004,450,175,394,30,71
LAD,0.15,0.22,0.43,0.011,0.022,0.01,0.02,0.5,0.03,0.004,0.004,500,180,350,30,78
LAD,0.15,0.22,0.43,0.011,0.022,0.01,0.02,0.5,0.03,0.004,0.004,550,179,315,35,82
LAD,0.15,0.22,0.43,0.011,0.022,0.01,0.02,0.5,0.03,0.004,0.004,600,140,250,44,86
LAE,0.14,0.22,0.46,0.012,0.012,0.01,0.03,0.5,0.03,0.006,0.006,27,280,440,31,70
LAE,0.14,0.22,0.46,0.012,0.012,0.01,0.03,0.5,0.03,0.006,0.006,100,274,423,21,67
LAE,0.14,0.22,0.46,0.012,0.012,0.01,0.03,0.5,0.03,0.006,0.006,200,274,530,20,56
LAE,0.14,0.22,0.46,0.012,0.012,0.01,0.03,0.5,0.03,0.006,0.006,300,218,530,27,37
LAE,0.14,0.22,0.46,0.012,0.012,0.01,0.03,0.5,0.03,0.006,0.006,400,262,442,30,69
LAE,0.14,0.22,0.46,0.012,0.012,0.01,0.03,0.5,0.03,0.006,0.006,450,200,393,28,72
LAE,0.14,0.22,0.46,0.012,0.012,0.01,0.03,0.5,0.03,0.006,0.006,500,200,354,28,76
LAE,0.14,0.22,0.46,0.012,0.012,0.01,0.03,0.5,0.03,0.006,0.006,550,213,311,30,82
LAE,0.14,0.22,0.46,0.012,0.012,0.01,0.03,0.5,0.03,0.006,0.006,600,156,266,37,85
LAF,0.15,0.25,0.58,0.008,0.01,0.05,0.11,0.52,0.04,0.007,0.011,27,290,450,36,74
LAF,0.15,0.25,0.58,0.008,0.01,0.05,0.11,0.52,0.04,0.007,0.011,100,267,414,30,72
LAF,0.15,0.25,0.58,0.008,0.01,0.05,0.11,0.52,0.04,0.007,0.011,200,260,463,22,68
LAF,0.15,0.25,0.58,0.008,0.01,0.05,0.11,0.52,0.04,0.007,0.011,300,203,487,28,42
LAF,0.15,0.25,0.58,0.008,0.01,0.05,0.11,0.52,0.04,0.007,0.011,400,182,438,32,73
LAF,0.15,0.25,0.58,0.008,0.01,0.05,0.11,0.52,0.04,0.007,0.011,450,192,418,30,74
LAF,0.15,0.25,0.58,0.008,0.01,0.05,0.11,0.52,0.04,0.007,0.011,500,167,372,29,80
LAF,0.15,0.25,0.58,0.008,0.01,0.05,0.11,0.52,0.04,0.007,0.011,550,175,313,37,83
LAF,0.15,0.25,0.58,0.008,0.01,0.05,0.11,0.52,0.04,0.007,0.011,600,146,253,44,87
LAG,0.2,0.28,0.59,0.012,0.01,0.02,0.02,0.54,0.07,0.003,0.0054,27,310,460,29,63
LAG,0.2,0.28,0.59,0.012,0.01,0.02,0.02,0.54,0.07,0.003,0.0054,100,308,445,20,59
LAG,0.2,0.28,0.59,0.012,0.01,0.02,0.02,0.54,0.07,0.003,0.0054,200,317,556,18,47
LAG,0.2,0.28,0.59,0.012,0.01,0.02,0.02,0.54,0.07,0.003,0.0054,300,278,557,24,28
LAG,0.2,0.28,0.59,0.012,0.01,0.02,0.02,0.54,0.07,0.003,0.0054,400,252,456,28,65
LAG,0.2,0.28,0.59,0.012,0.01,0.02,0.02,0.54,0.07,0.003,0.0054,450,249,416,29,72
LAG,0.2,0.28,0.59,0.012,0.01,0.02,0.02,0.54,0.07,0.003,0.0054,500,237,374,29,79
LAG,0.2,0.28,0.59,0.012,0.01,0.02,0.02,0.54,0.07,0.003,0.0054,550,237,321,30,84
LAG,0.2,0.28,0.59,0.012,0.01,0.02,0.02,0.54,0.07,0.003,0.0054,600,175,258,47,85
LAH,0.17,0.3,0.63,0.012,0.012,0.04,0.09,0.52,0.1,0.003,0.007,27,320,480,30,64
LAH,0.17,0.3,0.63,0.012,0.012,0.04,0.09,0.52,0.1,0.003,0.007,100,304,469,19,57
LAH,0.17,0.3,0.63,0.012,0.012,0.04,0.09,0.52,0.1,0.003,0.007,200,310,592,17,45
LAH,0.17,0.3,0.63,0.012,0.012,0.04,0.09,0.52,0.1,0.003,0.007,300,275,596,25,48
LAH,0.17,0.3,0.63,0.012,0.012,0.04,0.09,0.52,0.1,0.003,0.007,400,238,487,27,61
LAH,0.17,0.3,0.63,0.012,0.012,0.04,0.09,0.52,0.1,0.003,0.007,450,249,437,26,68
LAH,0.17,0.3,0.63,0.012,0.012,0.04,0.09,0.52,0.1,0.003,0.007,500,248,385,34,77
LAH,0.17,0.3,0.63,0.012,0.012,0.04,0.09,0.52,0.1,0.003,0.007,550,219,330,35,83
LAH,0.17,0.3,0.63,0.012,0.012,0.04,0.09,0.52,0.1,0.003,0.007,600,177,268,39,83
LAJ,0.13,0.23,0.66,0.01,0.01,0.08,0.06,0.51,0.13,0.004,0.0057,27,300,440,29,66
LAJ,0.13,0.23,0.66,0.01,0.01,0.08,0.06,0.51,0.13,0.004,0.0057,100,408,512,20,64
LAJ,0.13,0.23,0.66,0.01,0.01,0.08,0.06,0.51,0.13,0.004,0.0057,200,314,546,19,51
LAJ,0.13,0.23,0.66,0.01,0.01,0.08,0.06,0.51,0.13,0.004,0.0057,300,263,541,27,54
LAJ,0.13,0.23,0.66,0.01,0.01,0.08,0.06,0.51,0.13,0.004,0.0057,400,237,441,27,65
LAJ,0.13,0.23,0.66,0.01,0.01,0.08,0.06,0.51,0.13,0.004,0.0057,450,261,407,31,71
LAJ,0.13,0.23,0.66,0.01,0.01,0.08,0.06,0.51,0.13,0.004,0.0057,500,250,365,26,76
LAJ,0.13,0.23,0.66,0.01,0.01,0.08,0.06,0.51,0.13,0.004,0.0057,550,215,317,32,81
LAJ,0.13,0.23,0.66,0.01,0.01,0.08,0.06,0.51,0.13,0.004,0.0057,600,188,256,37,81
LAL,0.14,0.39,0.63,0.008,0.005,0,0,0.58,0.03,0.004,0.006,27,420,530,23,65
LAL,0.14,0.39,0.63,0.008,0.005,0,0,0.58,0.03,0.004,0.006,100,324,437,17,59
LAL,0.14,0.39,0.63,0.008,0.005,0,0,0.58,0.03,0.004,0.006,200,412,616,17,52
LAL,0.14,0.39,0.63,0.008,0.005,0,0,0.58,0.03,0.004,0.006,300,364,624,24,52
LAL,0.14,0.39,0.63,0.008,0.005,0,0,0.58,0.03,0.004,0.006,400,367,532,26,64
LAL,0.14,0.39,0.63,0.008,0.005,0,0,0.58,0.03,0.004,0.006,450,320,478,26,69
LAL,0.14,0.39,0.63,0.008,0.005,0,0,0.58,0.03,0.004,0.006,500,306,420,27,79
LAL,0.14,0.39,0.63,0.008,0.005,0,0,0.58,0.03,0.004,0.006,550,276,364,29,84
LAL,0.14,0.39,0.63,0.008,0.005,0,0,0.58,0.03,0.004,0.006,600,243,304,32,83
LAM,0.14,0.4,0.67,0.007,0.004,0,0,0.6,0.03,0.004,0.007,27,395,520,24,66
LAM,0.14,0.4,0.67,0.007,0.004,0,0,0.6,0.03,0.004,0.007,100,380,506,19,61
LAM,0.14,0.4,0.67,0.007,0.004,0,0,0.6,0.03,0.004,0.007,200,391,609,18,49
LAM,0.14,0.4,0.67,0.007,0.004,0,0,0.6,0.03,0.004,0.007,300,378,614,23,51
LAM,0.14,0.4,0.67,0.007,0.004,0,0,0.6,0.03,0.004,0.007,400,330,519,26,64
LAM,0.14,0.4,0.67,0.007,0.004,0,0,0.6,0.03,0.004,0.007,450,328,477,27,71
LAM,0.14,0.4,0.67,0.007,0.004,0,0,0.6,0.03,0.004,0.007,500,292,422,29,80
LAM,0.14,0.4,0.67,0.007,0.004,0,0,0.6,0.03,0.004,0.007,550,268,369,35,86
LAM,0.14,0.4,0.67,0.007,0.004,0,0,0.6,0.03,0.004,0.007,600,235,303,49,84
LAN,0.14,0.39,0.64,0.006,0.005,0,0,0.58,0.03,0.005,0.008,27,380,520,25,64
LAN,0.14,0.39,0.64,0.006,0.005,0,0,0.58,0.03,0.005,0.008,100,371,505,19,61
LAN,0.14,0.39,0.64,0.006,0.005,0,0,0.58,0.03,0.005,0.008,200,367,606,18,48
LAN,0.14,0.39,0.64,0.006,0.005,0,0,0.58,0.03,0.005,0.008,300,330,610,25,51
LAN,0.14,0.39,0.64,0.006,0.005,0,0,0.58,0.03,0.005,0.008,400,323,517,26,64
LAN,0.14,0.39,0.64,0.006,0.005,0,0,0.58,0.03,0.005,0.008,450,323,467,27,72
LAN,0.14,0.39,0.64,0.006,0.005,0,0,0.58,0.03,0.005,0.008,500,276,417,28,80
LAN,0.14,0.39,0.64,0.006,0.005,0,0,0.58,0.03,0.005,0.008,550,261,365,33,84
LAN,0.14,0.39,0.64,0.006,0.005,0,0,0.58,0.03,0.005,0.008,600,217,291,46,84
CaC,0.28,0.3,0.7,0.022,0.011,0.14,0.07,0.02,0.22,0.004,0.0097,27,300,520,29,58
CaC,0.28,0.3,0.7,0.022,0.011,0.14,0.07,0.02,0.22,0.004,0.0097,100,284,484,29,58
CaC,0.28,0.3,0.7,0.022,0.011,0.14,0.07,0.02,0.22,0.004,0.0097,200,228,449,27,57
CaC,0.28,0.3,0.7,0.022,0.011,0.14,0.07,0.02,0.22,0.004,0.0097,300,223,483,26,48
CaC,0.28,0.3,0.7,0.022,0.011,0.14,0.07,0.02,0.22,0.004,0.0097,350,214,475,28,54
CaC,0.28,0.3,0.7,0.022,0.011,0.14,0.07,0.02,0.22,0.004,0.0097,400,199,432,33,61
CaC,0.28,0.3,0.7,0.022,0.011,0.14,0.07,0.02,0.22,0.004,0.0097,450,172,372,36,69
CaC,0.28,0.3,0.7,0.022,0.011,0.14,0.07,0.02,0.22,0.004,0.0097,500,165,314,39,69
CaC,0.28,0.3,0.7,0.022,0.011,0.14,0.07,0.02,0.22,0.004,0.0097,550,153,253,52,72
CaE,0.34,0.22,0.7,0.016,0.012,0.14,0.1,0.03,0.2,0.002,0.0107,27,290,500,32,60
CaE,0.34,0.22,0.7,0.016,0.012,0.14,0.1,0.03,0.2,0.002,0.0107,100,266,454,31,61
CaE,0.34,0.22,0.7,0.016,0.012,0.14,0.1,0.03,0.2,0.002,0.0107,200,224,447,28,58
CaE,0.34,0.22,0.7,0.016,0.012,0.14,0.1,0.03,0.2,0.002,0.0107,300,194,458,28,52
CaE,0.34,0.22,0.7,0.016,0.012,0.14,0.1,0.03,0.2,0.002,0.0107,350,198,460,30,55
CaE,0.34,0.22,0.7,0.016,0.012,0.14,0.1,0.03,0.2,0.002,0.0107,400,194,422,31,62
CaE,0.34,0.22,0.7,0.016,0.012,0.14,0.1,0.03,0.2,0.002,0.0107,450,179,368,37,71
CaE,0.34,0.22,0.7,0.016,0.012,0.14,0.1,0.03,0.2,0.002,0.0107,500,163,310,34,70
CaE,0.34,0.22,0.7,0.016,0.012,0.14,0.1,0.03,0.2,0.002,0.0107,550,164,283,46,81
CaF,0.28,0.19,0.8,0.01,0.012,0,0.06,0.22,0.04,0.016,0.0073,27,275,490,30,56
CaF,0.28,0.19,0.8,0.01,0.012,0,0.06,0.22,0.04,0.016,0.0073,100,258,445,29,55
CaF,0.28,0.19,0.8,0.01,0.012,0,0.06,0.22,0.04,0.016,0.0073,200,228,440,26,53
CaF,0.28,0.19,0.8,0.01,0.012,0,0.06,0.22,0.04,0.016,0.0073,300,186,457,27,52
CaF,0.28,0.19,0.8,0.01,0.012,0,0.06,0.22,0.04,0.016,0.0073,350,179,457,30,60
CaF,0.28,0.19,0.8,0.01,0.012,0,0.06,0.22,0.04,0.016,0.0073,400,183,425,33,61
CaF,0.28,0.19,0.8,0.01,0.012,0,0.06,0.22,0.04,0.016,0.0073,450,183,382,33,74
CaF,0.28,0.19,0.8,0.01,0.012,0,0.06,0.22,0.04,0.016,0.0073,500,168,338,32,77
CaF,0.28,0.19,0.8,0.01,0.012,0,0.06,0.22,0.04,0.016,0.0073,550,149,256,37,81
CaG,0.29,0.2,0.93,0.014,0.015,0.03,0.03,0.36,0.06,0.018,0.0045,27,310,530,27,55
CaG,0.29,0.2,0.93,0.014,0.015,0.03,0.03,0.36,0.06,0.018,0.0045,100,300,498,27,54
CaG,0.29,0.2,0.93,0.014,0.015,0.03,0.03,0.36,0.06,0.018,0.0045,200,254,486,22,46
CaG,0.29,0.2,0.93,0.014,0.015,0.03,0.03,0.36,0.06,0.018,0.0045,300,235,522,22,47
CaG,0.29,0.2,0.93,0.014,0.015,0.03,0.03,0.36,0.06,0.018,0.0045,350,221,514,26,53
CaG,0.29,0.2,0.93,0.014,0.015,0.03,0.03,0.36,0.06,0.018,0.0045,400,213,480,29,64
CaG,0.29,0.2,0.93,0.014,0.015,0.03,0.03,0.36,0.06,0.018,0.0045,450,226,434,30,67
CaG,0.29,0.2,0.93,0.014,0.015,0.03,0.03,0.36,0.06,0.018,0.0045,500,213,380,28,73
CaG,0.29,0.2,0.93,0.014,0.015,0.03,0.03,0.36,0.06,0.018,0.0045,550,198,322,40,82
CaH,0.29,0.22,1,0.016,0.011,0.05,0.07,0.34,0.05,0.011,0.0035,27,305,530,27,54
CaH,0.29,0.22,1,0.016,0.011,0.05,0.07,0.34,0.05,0.011,0.0035,100,270,487,28,51
CaH,0.29,0.22,1,0.016,0.011,0.05,0.07,0.34,0.05,0.011,0.0035,200,259,478,23,50
CaH,0.29,0.22,1,0.016,0.011,0.05,0.07,0.34,0.05,0.011,0.0035,300,226,518,26,46
CaH,0.29,0.22,1,0.016,0.011,0.05,0.07,0.34,0.05,0.011,0.0035,350,214,503,29,60
CaH,0.29,0.22,1,0.016,0.011,0.05,0.07,0.34,0.05,0.011,0.0035,400,213,477,32,68
CaH,0.29,0.22,1,0.016,0.011,0.05,0.07,0.34,0.05,0.011,0.0035,450,202,424,33,73
CaH,0.29,0.22,1,0.016,0.011,0.05,0.07,0.34,0.05,0.011,0.0035,500,202,381,37,77
CaH,0.29,0.22,1,0.016,0.011,0.05,0.07,0.34,0.05,0.011,0.0035,550,194,315,42,83
CaM,0.22,0.22,0.82,0.015,0.006,0.05,0.06,0.18,0.08,0.005,0.0082,27,295,470,32,66
CaM,0.22,0.22,0.82,0.015,0.006,0.05,0.06,0.18,0.08,0.005,0.0082,100,289,443,28,63
CaM,0.22,0.22,0.82,0.015,0.006,0.05,0.06,0.18,0.08,0.005,0.0082,200,274,450,24,61
CaM,0.22,0.22,0.82,0.015,0.006,0.05,0.06,0.18,0.08,0.005,0.0082,300,223,468,23,56
CaM,0.22,0.22,0.82,0.015,0.006,0.05,0.06,0.18,0.08,0.005,0.0082,350,207,464,25,63
CaM,0.22,0.22,0.82,0.015,0.006,0.05,0.06,0.18,0.08,0.005,0.0082,400,194,408,33,71
CaM,0.22,0.22,0.82,0.015,0.006,0.05,0.06,0.18,0.08,0.005,0.0082,450,198,388,31,71
CaM,0.22,0.22,0.82,0.015,0.006,0.05,0.06,0.18,0.08,0.005,0.0082,500,186,330,37,79
CaM,0.22,0.22,0.82,0.015,0.006,0.05,0.06,0.18,0.08,0.005,0.0082,550,172,273,40,85
CaN,0.26,0.23,0.74,0.016,0.006,0.05,0.04,0.15,0.07,0.007,0.0108,27,270,480,30,58
CaN,0.26,0.23,0.74,0.016,0.006,0.05,0.04,0.15,0.07,0.007,0.0108,100,262,471,24,55
CaN,0.26,0.23,0.74,0.016,0.006,0.05,0.04,0.15,0.07,0.007,0.0108,200,224,431,25,55
CaN,0.26,0.23,0.74,0.016,0.006,0.05,0.04,0.15,0.07,0.007,0.0108,300,199,526,23,48
CaN,0.26,0.23,0.74,0.016,0.006,0.05,0.04,0.15,0.07,0.007,0.0108,350,205,526,26,53
CaN,0.26,0.23,0.74,0.016,0.006,0.05,0.04,0.15,0.07,0.007,0.0108,400,186,443,28,62
CaN,0.26,0.23,0.74,0.016,0.006,0.05,0.04,0.15,0.07,0.007,0.0108,450,168,376,36,72
CaN,0.26,0.23,0.74,0.016,0.006,0.05,0.04,0.15,0.07,0.007,0.0108,500,179,345,35,72
CaN,0.26,0.23,0.74,0.016,0.006,0.05,0.04,0.15,0.07,0.007,0.0108,550,153,268,51,82
VaA,0.28,0.2,0.72,0.015,0.012,0.32,1.02,1.12,0.2,0.002,0.0075,27,655,810,17,61
VaA,0.28,0.2,0.72,0.015,0.012,0.32,1.02,1.12,0.2,0.002,0.0075,100,621,754,16,57
VaA,0.28,0.2,0.72,0.015,0.012,0.32,1.02,1.12,0.2,0.002,0.0075,200,591,729,15,54
VaA,0.28,0.2,0.72,0.015,0.012,0.32,1.02,1.12,0.2,0.002,0.0075,300,580,722,15,52
VaA,0.28,0.2,0.72,0.015,0.012,0.32,1.02,1.12,0.2,0.002,0.0075,400,538,678,16,55
VaA,0.28,0.2,0.72,0.015,0.012,0.32,1.02,1.12,0.2,0.002,0.0075,450,514,629,17,62
VaA,0.28,0.2,0.72,0.015,0.012,0.32,1.02,1.12,0.2,0.002,0.0075,500,481,570,17,65
VaA,0.28,0.2,0.72,0.015,0.012,0.32,1.02,1.12,0.2,0.002,0.0075,550,469,504,19,80
VaA,0.28,0.2,0.72,0.015,0.012,0.32,1.02,1.12,0.2,0.002,0.0075,600,358,444,23,85
VaA,0.28,0.2,0.72,0.015,0.012,0.32,1.02,1.12,0.2,0.002,0.0075,650,257,375,32,91
VaB,0.28,0.18,0.75,0.012,0.009,0.32,1,1.25,0.14,0.002,0.009,27,665,810,18,63
VaB,0.28,0.18,0.75,0.012,0.009,0.32,1,1.25,0.14,0.002,0.009,100,617,761,16,54
VaB,0.28,0.18,0.75,0.012,0.009,0.32,1,1.25,0.14,0.002,0.009,200,602,733,16,56
VaB,0.28,0.18,0.75,0.012,0.009,0.32,1,1.25,0.14,0.002,0.009,300,566,724,14,52
VaB,0.28,0.18,0.75,0.012,0.009,0.32,1,1.25,0.14,0.002,0.009,400,561,674,18,60
VaB,0.28,0.18,0.75,0.012,0.009,0.32,1,1.25,0.14,0.002,0.009,450,517,634,16,55
VaB,0.28,0.18,0.75,0.012,0.009,0.32,1,1.25,0.14,0.002,0.009,500,509,573,16,68
VaB,0.28,0.18,0.75,0.012,0.009,0.32,1,1.25,0.14,0.002,0.009,550,438,514,20,76
VaB,0.28,0.18,0.75,0.012,0.009,0.32,1,1.25,0.14,0.002,0.009,600,363,460,25,87
VaB,0.28,0.18,0.75,0.012,0.009,0.32,1,1.25,0.14,0.002,0.009,650,254,364,35,92
VaC,0.29,0.2,0.75,0.01,0.009,0.34,1,1.25,0.14,0.002,0.0075,27,690,830,17,59
VaC,0.29,0.2,0.75,0.01,0.009,0.34,1,1.25,0.14,0.002,0.0075,100,662,786,16,58
VaC,0.29,0.2,0.75,0.01,0.009,0.34,1,1.25,0.14,0.002,0.0075,200,624,750,16,57
VaC,0.29,0.2,0.75,0.01,0.009,0.34,1,1.25,0.14,0.002,0.0075,300,602,743,15,56
VaC,0.29,0.2,0.75,0.01,0.009,0.34,1,1.25,0.14,0.002,0.0075,400,553,695,16,57
VaC,0.29,0.2,0.75,0.01,0.009,0.34,1,1.25,0.14,0.002,0.0075,450,544,644,16,62
VaC,0.29,0.2,0.75,0.01,0.009,0.34,1,1.25,0.14,0.002,0.0075,500,492,576,18,74
VaC,0.29,0.2,0.75,0.01,0.009,0.34,1,1.25,0.14,0.002,0.0075,550,446,529,19,80
VaC,0.29,0.2,0.75,0.01,0.009,0.34,1,1.25,0.14,0.002,0.0075,600,360,459,25,87
VaC,0.29,0.2,0.75,0.01,0.009,0.34,1,1.25,0.14,0.002,0.0075,650,256,376,37,93
VaD,0.3,0.28,0.72,0.014,0.006,0.35,0.93,1.22,0.16,0.002,0.0093,27,645,810,19,60
VaD,0.3,0.28,0.72,0.014,0.006,0.35,0.93,1.22,0.16,0.002,0.0093,100,613,751,16,56
VaD,0.3,0.28,0.72,0.014,0.006,0.35,0.93,1.22,0.16,0.002,0.0093,200,596,738,15,53
VaD,0.3,0.28,0.72,0.014,0.006,0.35,0.93,1.22,0.16,0.002,0.0093,300,569,731,13,49
VaD,0.3,0.28,0.72,0.014,0.006,0.35,0.93,1.22,0.16,0.002,0.0093,400,538,690,14,50
VaD,0.3,0.28,0.72,0.014,0.006,0.35,0.93,1.22,0.16,0.002,0.0093,450,522,631,17,62
VaD,0.3,0.28,0.72,0.014,0.006,0.35,0.93,1.22,0.16,0.002,0.0093,500,506,569,18,67
VaD,0.3,0.28,0.72,0.014,0.006,0.35,0.93,1.22,0.16,0.002,0.0093,550,432,510,19,77
VaD,0.3,0.28,0.72,0.014,0.006,0.35,0.93,1.22,0.16,0.002,0.0093,600,353,455,20,84
VaD,0.3,0.28,0.72,0.014,0.006,0.35,0.93,1.22,0.16,0.002,0.0093,650,277,373,34,91
VaG,0.29,0.26,0.76,0.009,0.007,0.45,1.12,1.18,0.07,0.003,0.0103,27,685,830,17,62
VaG,0.29,0.26,0.76,0.009,0.007,0.45,1.12,1.18,0.07,0.003,0.0103,100,642,786,15,59
VaG,0.29,0.26,0.76,0.009,0.007,0.45,1.12,1.18,0.07,0.003,0.0103,200,618,752,15,54
VaG,0.29,0.26,0.76,0.009,0.007,0.45,1.12,1.18,0.07,0.003,0.0103,300,596,746,14,51
VaG,0.29,0.26,0.76,0.009,0.007,0.45,1.12,1.18,0.07,0.003,0.0103,400,569,697,16,63
VaG,0.29,0.26,0.76,0.009,0.007,0.45,1.12,1.18,0.07,0.003,0.0103,450,545,647,15,67
VaG,0.29,0.26,0.76,0.009,0.007,0.45,1.12,1.18,0.07,0.003,0.0103,500,521,598,16,73
VaG,0.29,0.26,0.76,0.009,0.007,0.45,1.12,1.18,0.07,0.003,0.0103,550,463,537,21,83
VaG,0.29,0.26,0.76,0.009,0.007,0.45,1.12,1.18,0.07,0.003,0.0103,600,378,470,22,88
VaG,0.29,0.26,0.76,0.009,0.007,0.45,1.12,1.18,0.07,0.003,0.0103,650,279,391,28,92
VaH,0.29,0.26,0.77,0.009,0.007,0.46,1.12,1.2,0.08,0.004,0.0095,27,660,820,17,59
VaH,0.29,0.26,0.77,0.009,0.007,0.46,1.12,1.2,0.08,0.004,0.0095,100,622,775,16,61
VaH,0.29,0.26,0.77,0.009,0.007,0.46,1.12,1.2,0.08,0.004,0.0095,200,599,741,14,52
VaH,0.29,0.26,0.77,0.009,0.007,0.46,1.12,1.2,0.08,0.004,0.0095,300,579,727,13,48
VaH,0.29,0.26,0.77,0.009,0.007,0.46,1.12,1.2,0.08,0.004,0.0095,400,560,687,13,52
VaH,0.29,0.26,0.77,0.009,0.007,0.46,1.12,1.2,0.08,0.004,0.0095,450,522,632,16,54
VaH,0.29,0.26,0.77,0.009,0.007,0.46,1.12,1.2,0.08,0.004,0.0095,500,500,583,17,70
VaH,0.29,0.26,0.77,0.009,0.007,0.46,1.12,1.2,0.08,0.004,0.0095,550,446,525,19,80
VaH,0.29,0.26,0.77,0.009,0.007,0.46,1.12,1.2,0.08,0.004,0.0095,600,365,461,20,85
VaH,0.29,0.26,0.77,0.009,0.007,0.46,1.12,1.2,0.08,0.004,0.0095,650,284,391,25,89
Vaj,0.29,0.21,0.66,0.01,0.008,0.51,1.07,1.29,0.06,0.005,0.0097,27,640,800,18,62
Vaj,0.29,0.21,0.66,0.01,0.008,0.51,1.07,1.29,0.06,0.005,0.0097,100,601,748,17,62
Vaj,0.29,0.21,0.66,0.01,0.008,0.51,1.07,1.29,0.06,0.005,0.0097,200,577,729,16,59
Vaj,0.29,0.21,0.66,0.01,0.008,0.51,1.07,1.29,0.06,0.005,0.0097,300,560,716,14,55
Vaj,0.29,0.21,0.66,0.01,0.008,0.51,1.07,1.29,0.06,0.005,0.0097,400,534,666,17,60
Vaj,0.29,0.21,0.66,0.01,0.008,0.51,1.07,1.29,0.06,0.005,0.0097,450,508,612,18,67
Vaj,0.29,0.21,0.66,0.01,0.008,0.51,1.07,1.29,0.06,0.005,0.0097,500,493,558,19,75
Vaj,0.29,0.21,0.66,0.01,0.008,0.51,1.07,1.29,0.06,0.005,0.0097,550,430,506,20,83
Vaj,0.29,0.21,0.66,0.01,0.008,0.51,1.07,1.29,0.06,0.005,0.0097,600,347,437,25,87
Vaj,0.29,0.21,0.66,0.01,0.008,0.51,1.07,1.29,0.06,0.005,0.0097,650,267,370,32,91
VaR,0.3,0.27,0.7,0.012,0.012,0.44,1.1,1.35,0.11,0.003,0.0082,27,655,810,18,62
VaR,0.3,0.27,0.7,0.012,0.012,0.44,1.1,1.35,0.11,0.003,0.0082,100,634,766,16,61
VaR,0.3,0.27,0.7,0.012,0.012,0.44,1.1,1.35,0.11,0.003,0.0082,200,598,747,16,59
VaR,0.3,0.27,0.7,0.012,0.012,0.44,1.1,1.35,0.11,0.003,0.0082,300,585,737,14,53
VaR,0.3,0.27,0.7,0.012,0.012,0.44,1.1,1.35,0.11,0.003,0.0082,400,545,682,17,63
VaR,0.3,0.27,0.7,0.012,0.012,0.44,1.1,1.35,0.11,0.003,0.0082,450,522,631,17,68
VaR,0.3,0.27,0.7,0.012,0.012,0.44,1.1,1.35,0.11,0.003,0.0082,500,497,574,19,73
VaR,0.3,0.27,0.7,0.012,0.012,0.44,1.1,1.35,0.11,0.003,0.0082,550,437,522,20,84
VaR,0.3,0.27,0.7,0.012,0.012,0.44,1.1,1.35,0.11,0.003,0.0082,600,358,451,27,89
VaR,0.3,0.27,0.7,0.012,0.012,0.44,1.1,1.35,0.11,0.003,0.0082,650,271,382,28,90
LaA,0.18,0.26,1.33,0.015,0.008,0.55,0.11,0.49,0.11,0.028,0.006,27,425,580,26,71
LaA,0.18,0.26,1.33,0.015,0.008,0.55,0.11,0.49,0.11,0.028,0.006,100,393,525,23,69
LaA,0.18,0.26,1.33,0.015,0.008,0.55,0.11,0.49,0.11,0.028,0.006,200,419,551,21,69
LaA,0.18,0.26,1.33,0.015,0.008,0.55,0.11,0.49,0.11,0.028,0.006,300,395,588,21,62
LaA,0.18,0.26,1.33,0.015,0.008,0.55,0.11,0.49,0.11,0.028,0.006,350,399,575,26,70
LaA,0.18,0.26,1.33,0.015,0.008,0.55,0.11,0.49,0.11,0.028,0.006,400,367,534,25,71
LaA,0.18,0.26,1.33,0.015,0.008,0.55,0.11,0.49,0.11,0.028,0.006,450,352,481,24,72
LaA,0.18,0.26,1.33,0.015,0.008,0.55,0.11,0.49,0.11,0.028,0.006,500,322,409,23,78
LaA,0.18,0.26,1.33,0.015,0.008,0.55,0.11,0.49,0.11,0.028,0.006,550,303,374,30,84
LaA,0.18,0.26,1.33,0.015,0.008,0.55,0.11,0.49,0.11,0.028,0.006,600,240,313,31,84
LaB,0.17,0.23,1.34,0.014,0.009,0.57,0.16,0.49,0.11,0.038,0.007,27,455,590,26,72
LaB,0.17,0.23,1.34,0.014,0.009,0.57,0.16,0.49,0.11,0.038,0.007,100,427,548,23,71
LaB,0.17,0.23,1.34,0.014,0.009,0.57,0.16,0.49,0.11,0.038,0.007,200,436,566,21,67
LaB,0.17,0.23,1.34,0.014,0.009,0.57,0.16,0.49,0.11,0.038,0.007,300,435,608,20,61
LaB,0.17,0.23,1.34,0.014,0.009,0.57,0.16,0.49,0.11,0.038,0.007,350,405,572,25,66
LaB,0.17,0.23,1.34,0.014,0.009,0.57,0.16,0.49,0.11,0.038,0.007,400,366,531,26,68
LaB,0.17,0.23,1.34,0.014,0.009,0.57,0.16,0.49,0.11,0.038,0.007,450,367,505,25,75
LaB,0.17,0.23,1.34,0.014,0.009,0.57,0.16,0.49,0.11,0.038,0.007,500,337,427,22,79
LaB,0.17,0.23,1.34,0.014,0.009,0.57,0.16,0.49,0.11,0.038,0.007,550,291,369,25,82
LaB,0.17,0.23,1.34,0.014,0.009,0.57,0.16,0.49,0.11,0.038,0.007,600,248,308,37,85
LaD,0.17,0.33,1.37,0.016,0.014,0.6,0.08,0.53,0.24,0.008,0.0071,27,440,590,25,70
LaD,0.17,0.33,1.37,0.016,0.014,0.6,0.08,0.53,0.24,0.008,0.0071,100,421,558,21,68
LaD,0.17,0.33,1.37,0.016,0.014,0.6,0.08,0.53,0.24,0.008,0.0071,200,404,548,20,66
LaD,0.17,0.33,1.37,0.016,0.014,0.6,0.08,0.53,0.24,0.008,0.0071,300,400,565,18,60
LaD,0.17,0.33,1.37,0.016,0.014,0.6,0.08,0.53,0.24,0.008,0.0071,350,404,573,23,62
LaD,0.17,0.33,1.37,0.016,0.014,0.6,0.08,0.53,0.24,0.008,0.0071,400,378,532,19,45
LaD,0.17,0.33,1.37,0.016,0.014,0.6,0.08,0.53,0.24,0.008,0.0071,450,366,485,22,64
LaD,0.17,0.33,1.37,0.016,0.014,0.6,0.08,0.53,0.24,0.008,0.0071,500,341,473,23,75
LaD,0.17,0.33,1.37,0.016,0.014,0.6,0.08,0.53,0.24,0.008,0.0071,550,304,369,27,82
LaD,0.17,0.33,1.37,0.016,0.014,0.6,0.08,0.53,0.24,0.008,0.0071,600,250,310,30,88
LaD,0.17,0.33,1.37,0.016,0.014,0.6,0.08,0.53,0.24,0.008,0.0071,650,170,250,36,92
LaE,0.17,0.35,1.44,0.015,0.01,0.58,0.08,0.5,0.23,0.006,0.0079,27,420,580,27,71
LaE,0.17,0.35,1.44,0.015,0.01,0.58,0.08,0.5,0.23,0.006,0.0079,100,411,551,24,72
LaE,0.17,0.35,1.44,0.015,0.01,0.58,0.08,0.5,0.23,0.006,0.0079,200,381,525,22,69
LaE,0.17,0.35,1.44,0.015,0.01,0.58,0.08,0.5,0.23,0.006,0.0079,300,381,556,20,60
LaE,0.17,0.35,1.44,0.015,0.01,0.58,0.08,0.5,0.23,0.006,0.0079,350,357,549,24,62
LaE,0.17,0.35,1.44,0.015,0.01,0.58,0.08,0.5,0.23,0.006,0.0079,400,352,510,25,65
LaE,0.17,0.35,1.44,0.015,0.01,0.58,0.08,0.5,0.23,0.006,0.0079,450,336,462,22,66
LaE,0.17,0.35,1.44,0.015,0.01,0.58,0.08,0.5,0.23,0.006,0.0079,500,303,396,24,79
LaE,0.17,0.35,1.44,0.015,0.01,0.58,0.08,0.5,0.23,0.006,0.0079,550,286,355,31,84
LaE,0.17,0.35,1.44,0.015,0.01,0.58,0.08,0.5,0.23,0.006,0.0079,600,240,300,39,88
LaF,0.19,0.33,1.41,0.014,0.006,0.58,0.1,0.53,0.25,0.008,0.0077,27,435,590,26,72
LaF,0.19,0.33,1.41,0.014,0.006,0.58,0.1,0.53,0.25,0.008,0.0077,100,414,557,23,72
LaF,0.19,0.33,1.41,0.014,0.006,0.58,0.1,0.53,0.25,0.008,0.0077,200,395,540,23,69
LaF,0.19,0.33,1.41,0.014,0.006,0.58,0.1,0.53,0.25,0.008,0.0077,300,396,573,18,56
LaF,0.19,0.33,1.41,0.014,0.006,0.58,0.1,0.53,0.25,0.008,0.0077,350,370,558,23,60
LaF,0.19,0.33,1.41,0.014,0.006,0.58,0.1,0.53,0.25,0.008,0.0077,400,363,522,23,59
LaF,0.19,0.33,1.41,0.014,0.006,0.58,0.1,0.53,0.25,0.008,0.0077,450,335,470,22,64
LaF,0.19,0.33,1.41,0.014,0.006,0.58,0.1,0.53,0.25,0.008,0.0077,500,323,412,22,70
LaF,0.19,0.33,1.41,0.014,0.006,0.58,0.1,0.53,0.25,0.008,0.0077,550,288,356,29,83
LaF,0.19,0.33,1.41,0.014,0.006,0.58,0.1,0.53,0.25,0.008,0.0077,600,240,299,41,86
MFA,0.12,0.25,0.48,0.008,0.012,0.04,0.64,0.51,0.04,0.006,0.013,27,270,480,32,75
MFA,0.12,0.25,0.48,0.008,0.012,0.04,0.64,0.51,0.04,0.006,0.013,100,261,454,28,72
MFA,0.12,0.25,0.48,0.008,0.012,0.04,0.64,0.51,0.04,0.006,0.013,200,261,542,20,59
MFA,0.12,0.25,0.48,0.008,0.012,0.04,0.64,0.51,0.04,0.006,0.013,300,259,604,34,57
MFA,0.12,0.25,0.48,0.008,0.012,0.04,0.64,0.51,0.04,0.006,0.013,400,237,564,26,66
MFA,0.12,0.25,0.48,0.008,0.012,0.04,0.64,0.51,0.04,0.006,0.013,450,228,534,26,66
MFA,0.12,0.25,0.48,0.008,0.012,0.04,0.64,0.51,0.04,0.006,0.013,500,237,487,25,70
MFA,0.12,0.25,0.48,0.008,0.012,0.04,0.64,0.51,0.04,0.006,0.013,550,222,434,29,78
MFA,0.12,0.25,0.48,0.008,0.012,0.04,0.64,0.51,0.04,0.006,0.013,600,193,332,42,84
MFB,0.16,0.24,0.49,0.012,0.007,0.035,0.61,0.51,0.04,0.006,0.0086,27,275,450,34,65
MFB,0.16,0.24,0.49,0.012,0.007,0.035,0.61,0.51,0.04,0.006,0.0086,100,260,408,29,67
MFB,0.16,0.24,0.49,0.012,0.007,0.035,0.61,0.51,0.04,0.006,0.0086,200,256,458,21,60
MFB,0.16,0.24,0.49,0.012,0.007,0.035,0.61,0.51,0.04,0.006,0.0086,300,192,493,21,57
MFB,0.16,0.24,0.49,0.012,0.007,0.035,0.61,0.51,0.04,0.006,0.0086,400,191,456,30,76
MFB,0.16,0.24,0.49,0.012,0.007,0.035,0.61,0.51,0.04,0.006,0.0086,450,180,434,28,79
MFB,0.16,0.24,0.49,0.012,0.007,0.035,0.61,0.51,0.04,0.006,0.0086,500,181,398,31,85
MFB,0.16,0.24,0.49,0.012,0.007,0.035,0.61,0.51,0.04,0.006,0.0086,550,176,349,37,87
MFB,0.16,0.24,0.49,0.012,0.007,0.035,0.61,0.51,0.04,0.006,0.0086,600,168,281,38,89
MFD,0.12,0.25,0.43,0.006,0.011,0.03,0.59,0.51,0.03,0.006,0.015,27,325,460,36,77
MFD,0.12,0.25,0.43,0.006,0.011,0.03,0.59,0.51,0.03,0.006,0.015,100,301,419,31,79
MFD,0.12,0.25,0.43,0.006,0.011,0.03,0.59,0.51,0.03,0.006,0.015,200,284,435,25,76
MFD,0.12,0.25,0.43,0.006,0.011,0.03,0.59,0.51,0.03,0.006,0.015,300,224,464,24,74
MFD,0.12,0.25,0.43,0.006,0.011,0.03,0.59,0.51,0.03,0.006,0.015,400,213,455,29,78
MFD,0.12,0.25,0.43,0.006,0.011,0.03,0.59,0.51,0.03,0.006,0.015,450,199,435,27,79
MFD,0.12,0.25,0.43,0.006,0.011,0.03,0.59,0.51,0.03,0.006,0.015,500,208,402,26,83
MFD,0.12,0.25,0.43,0.006,0.011,0.03,0.59,0.51,0.03,0.006,0.015,550,204,353,32,86
MFD,0.12,0.25,0.43,0.006,0.011,0.03,0.59,0.51,0.03,0.006,0.015,600,168,283,46,90
MFE,0.12,0.25,0.44,0.013,0.012,0.05,0.71,0.52,0.06,0.004,0.0058,27,255,470,30,65
MFE,0.12,0.25,0.44,0.013,0.012,0.05,0.71,0.52,0.06,0.004,0.0058,100,276,438,26,66
MFE,0.12,0.25,0.44,0.013,0.012,0.05,0.71,0.52,0.06,0.004,0.0058,200,258,520,19,49
MFE,0.12,0.25,0.44,0.013,0.012,0.05,0.71,0.52,0.06,0.004,0.0058,300,260,557,20,50
MFE,0.12,0.25,0.44,0.013,0.012,0.05,0.71,0.52,0.06,0.004,0.0058,400,226,530,25,62
MFE,0.12,0.25,0.44,0.013,0.012,0.05,0.71,0.52,0.06,0.004,0.0058,450,228,507,24,63
MFE,0.12,0.25,0.44,0.013,0.012,0.05,0.71,0.52,0.06,0.004,0.0058,500,218,471,25,69
MFE,0.12,0.25,0.44,0.013,0.012,0.05,0.71,0.52,0.06,0.004,0.0058,550,220,418,27,76
MFE,0.12,0.25,0.44,0.013,0.012,0.05,0.71,0.52,0.06,0.004,0.0058,600,203,330,36,81
MFF,0.12,0.24,0.47,0.008,0.011,0.04,0.71,0.49,0.06,0.006,0.013,27,275,480,33,75
MFF,0.12,0.24,0.47,0.008,0.011,0.04,0.71,0.49,0.06,0.006,0.013,100,255,441,29,76
MFF,0.12,0.24,0.47,0.008,0.011,0.04,0.71,0.49,0.06,0.006,0.013,200,270,522,21,64
MFF,0.12,0.24,0.47,0.008,0.011,0.04,0.71,0.49,0.06,0.006,0.013,300,264,575,23,60
MFF,0.12,0.24,0.47,0.008,0.011,0.04,0.71,0.49,0.06,0.006,0.013,400,246,556,26,64
MFF,0.12,0.24,0.47,0.008,0.011,0.04,0.71,0.49,0.06,0.006,0.013,450,229,521,25,67
MFF,0.12,0.24,0.47,0.008,0.011,0.04,0.71,0.49,0.06,0.006,0.013,500,232,474,25,73
MFF,0.12,0.24,0.47,0.008,0.011,0.04,0.71,0.49,0.06,0.006,0.013,550,224,416,27,81
MFF,0.12,0.24,0.47,0.008,0.011,0.04,0.71,0.49,0.06,0.006,0.013,600,198,313,47,88
MFG,0.15,0.26,0.45,0.012,0.006,0.033,0.58,0.49,0.04,0.006,0.0084,27,260,450,33,64
MFG,0.15,0.26,0.45,0.012,0.006,0.033,0.58,0.49,0.04,0.006,0.0084,100,261,418,32,65
MFG,0.15,0.26,0.45,0.012,0.006,0.033,0.58,0.49,0.04,0.006,0.0084,200,260,465,21,54
MFG,0.15,0.26,0.45,0.012,0.006,0.033,0.58,0.49,0.04,0.006,0.0084,300,192,492,21,57
MFG,0.15,0.26,0.45,0.012,0.006,0.033,0.58,0.49,0.04,0.006,0.0084,400,174,449,32,76
MFG,0.15,0.26,0.45,0.012,0.006,0.033,0.58,0.49,0.04,0.006,0.0084,450,178,424,30,81
MFG,0.15,0.26,0.45,0.012,0.006,0.033,0.58,0.49,0.04,0.006,0.0084,500,186,392,33,86
MFG,0.15,0.26,0.45,0.012,0.006,0.033,0.58,0.49,0.04,0.006,0.0084,550,178,337,37,88
MFG,0.15,0.26,0.45,0.012,0.006,0.033,0.58,0.49,0.04,0.006,0.0084,600,162,270,47,89
MFH,0.14,0.22,0.45,0.013,0.013,0.06,0.68,0.52,0.06,0.004,0.0062,27,250,470,33,65
MFH,0.14,0.22,0.45,0.013,0.013,0.06,0.68,0.52,0.06,0.004,0.0062,100,249,435,27,65
MFH,0.14,0.22,0.45,0.013,0.013,0.06,0.68,0.52,0.06,0.004,0.0062,200,251,522,19,52
MFH,0.14,0.22,0.45,0.013,0.013,0.06,0.68,0.52,0.06,0.004,0.0062,300,226,556,20,49
MFH,0.14,0.22,0.45,0.013,0.013,0.06,0.68,0.52,0.06,0.004,0.0062,400,254,524,25,60
MFH,0.14,0.22,0.45,0.013,0.013,0.06,0.68,0.52,0.06,0.004,0.0062,450,223,500,25,65
MFH,0.14,0.22,0.45,0.013,0.013,0.06,0.68,0.52,0.06,0.004,0.0062,500,207,462,27,71
MFH,0.14,0.22,0.45,0.013,0.013,0.06,0.68,0.52,0.06,0.004,0.0062,550,214,413,28,76
MFH,0.14,0.22,0.45,0.013,0.013,0.06,0.68,0.52,0.06,0.004,0.0062,600,202,328,41,82
MFL,0.15,0.21,0.42,0.015,0.011,0.06,0.66,0.52,0.07,0.004,0.0056,27,255,460,31,65
MFL,0.15,0.21,0.42,0.015,0.011,0.06,0.66,0.52,0.07,0.004,0.0056,100,221,411,26,63
MFL,0.15,0.21,0.42,0.015,0.011,0.06,0.66,0.52,0.07,0.004,0.0056,200,248,514,19,52
MFL,0.15,0.21,0.42,0.015,0.011,0.06,0.66,0.52,0.07,0.004,0.0056,300,223,544,20,50
MFL,0.15,0.21,0.42,0.015,0.011,0.06,0.66,0.52,0.07,0.004,0.0056,400,213,507,27,60
MFL,0.15,0.21,0.42,0.015,0.011,0.06,0.66,0.52,0.07,0.004,0.0056,450,202,486,26,64
MFL,0.15,0.21,0.42,0.015,0.011,0.06,0.66,0.52,0.07,0.004,0.0056,500,192,444,27,71
MFL,0.15,0.21,0.42,0.015,0.011,0.06,0.66,0.52,0.07,0.004,0.0056,550,203,395,31,78
MFL,0.15,0.21,0.42,0.015,0.011,0.06,0.66,0.52,0.07,0.004,0.0056,600,183,315,36,83
MFM,0.15,0.25,0.45,0.013,0.008,0.032,0.6,0.48,0.04,0.006,0.0082,27,265,450,33,66
MFM,0.15,0.25,0.45,0.013,0.008,0.032,0.6,0.48,0.04,0.006,0.0082,100,260,415,31,66
MFM,0.15,0.25,0.45,0.013,0.008,0.032,0.6,0.48,0.04,0.006,0.0082,200,254,448,22,59
MFM,0.15,0.25,0.45,0.013,0.008,0.032,0.6,0.48,0.04,0.006,0.0082,300,202,482,21,60
MFM,0.15,0.25,0.45,0.013,0.008,0.032,0.6,0.48,0.04,0.006,0.0082,400,180,452,31,75
MFM,0.15,0.25,0.45,0.013,0.008,0.032,0.6,0.48,0.04,0.006,0.0082,450,183,426,29,81
MFM,0.15,0.25,0.45,0.013,0.008,0.032,0.6,0.48,0.04,0.006,0.0082,500,172,385,33,85
MFM,0.15,0.25,0.45,0.013,0.008,0.032,0.6,0.48,0.04,0.006,0.0082,550,176,338,39,89
MFM,0.15,0.25,0.45,0.013,0.008,0.032,0.6,0.48,0.04,0.006,0.0082,600,160,269,46,89
VbA,0.17,0.39,0.6,0.022,0.02,0.11,1.31,1.02,0.11,0.004,0.0078,27,575,720,19,58
VbA,0.17,0.39,0.6,0.022,0.02,0.11,1.31,1.02,0.11,0.004,0.0078,100,532,666,17,50
VbA,0.17,0.39,0.6,0.022,0.02,0.11,1.31,1.02,0.11,0.004,0.0078,200,478,611,17,59
VbA,0.17,0.39,0.6,0.022,0.02,0.11,1.31,1.02,0.11,0.004,0.0078,300,499,644,15,46
VbA,0.17,0.39,0.6,0.022,0.02,0.11,1.31,1.02,0.11,0.004,0.0078,400,456,605,10,22
VbA,0.17,0.39,0.6,0.022,0.02,0.11,1.31,1.02,0.11,0.004,0.0078,450,437,567,18,57
VbA,0.17,0.39,0.6,0.022,0.02,0.11,1.31,1.02,0.11,0.004,0.0078,500,423,528,20,66
VbA,0.17,0.39,0.6,0.022,0.02,0.11,1.31,1.02,0.11,0.004,0.0078,550,428,492,17,54
VbA,0.17,0.39,0.6,0.022,0.02,0.11,1.31,1.02,0.11,0.004,0.0078,600,368,425,21,73
VbA,0.17,0.39,0.6,0.022,0.02,0.11,1.31,1.02,0.11,0.004,0.0078,650,259,330,29,88
VbB,0.16,0.47,0.62,0.01,0.01,0.19,1.01,0.92,0.15,0.003,0.0111,27,535,690,17,61
VbB,0.16,0.47,0.62,0.01,0.01,0.19,1.01,0.92,0.15,0.003,0.0111,100,521,661,17,62
VbB,0.16,0.47,0.62,0.01,0.01,0.19,1.01,0.92,0.15,0.003,0.0111,200,487,622,15,57
VbB,0.16,0.47,0.62,0.01,0.01,0.19,1.01,0.92,0.15,0.003,0.0111,300,491,626,13,52
VbB,0.16,0.47,0.62,0.01,0.01,0.19,1.01,0.92,0.15,0.003,0.0111,400,469,590,14,50
VbB,0.16,0.47,0.62,0.01,0.01,0.19,1.01,0.92,0.15,0.003,0.0111,450,449,566,16,54
VbB,0.16,0.47,0.62,0.01,0.01,0.19,1.01,0.92,0.15,0.003,0.0111,500,436,514,17,66
VbB,0.16,0.47,0.62,0.01,0.01,0.19,1.01,0.92,0.15,0.003,0.0111,550,382,449,18,72
VbB,0.16,0.47,0.62,0.01,0.01,0.19,1.01,0.92,0.15,0.003,0.0111,600,337,396,19,78
VbB,0.16,0.47,0.62,0.01,0.01,0.19,1.01,0.92,0.15,0.003,0.0111,650,261,339,23,86
VbD,0.14,0.34,0.73,0.01,0.009,0.13,1.06,0.96,0.08,0.003,0.0102,27,570,710,15,36
VbD,0.14,0.34,0.73,0.01,0.009,0.13,1.06,0.96,0.08,0.003,0.0102,100,570,678,13,37
VbD,0.14,0.34,0.73,0.01,0.009,0.13,1.06,0.96,0.08,0.003,0.0102,200,536,645,12,36
VbD,0.14,0.34,0.73,0.01,0.009,0.13,1.06,0.96,0.08,0.003,0.0102,300,506,626,13,34
VbD,0.14,0.34,0.73,0.01,0.009,0.13,1.06,0.96,0.08,0.003,0.0102,400,487,600,16,49
VbD,0.14,0.34,0.73,0.01,0.009,0.13,1.06,0.96,0.08,0.003,0.0102,450,462,554,16,55
VbD,0.14,0.34,0.73,0.01,0.009,0.13,1.06,0.96,0.08,0.003,0.0102,500,442,518,14,45
VbD,0.14,0.34,0.73,0.01,0.009,0.13,1.06,0.96,0.08,0.003,0.0102,550,403,462,20,75
VbD,0.14,0.34,0.73,0.01,0.009,0.13,1.06,0.96,0.08,0.003,0.0102,600,345,397,28,81
VbD,0.14,0.34,0.73,0.01,0.009,0.13,1.06,0.96,0.08,0.003,0.0102,650,283,352,22,82
VbF,0.18,0.37,0.66,0.018,0.017,0.1,1.07,1.03,0.12,0.02,0.0081,27,545,690,18,46
VbF,0.18,0.37,0.66,0.018,0.017,0.1,1.07,1.03,0.12,0.02,0.0081,100,584,716,13,47
VbF,0.18,0.37,0.66,0.018,0.017,0.1,1.07,1.03,0.12,0.02,0.0081,200,572,714,14,18
VbF,0.18,0.37,0.66,0.018,0.017,0.1,1.07,1.03,0.12,0.02,0.0081,300,519,6661,11,28
VbF,0.18,0.37,0.66,0.018,0.017,0.1,1.07,1.03,0.12,0.02,0.0081,400,482,629,16,50
VbF,0.18,0.37,0.66,0.018,0.017,0.1,1.07,1.03,0.12,0.02,0.0081,450,471,592,15,44
VbF,0.18,0.37,0.66,0.018,0.017,0.1,1.07,1.03,0.12,0.02,0.0081,500,444,546,17,62
VbF,0.18,0.37,0.66,0.018,0.017,0.1,1.07,1.03,0.12,0.02,0.0081,550,473,535,15,68
VbF,0.18,0.37,0.66,0.018,0.017,0.1,1.07,1.03,0.12,0.02,0.0081,600,359,416,19,77
VbF,0.18,0.37,0.66,0.018,0.017,0.1,1.07,1.03,0.12,0.02,0.0081,650,278,343,23,82
VbG,0.16,0.47,0.62,0.01,0.01,0.19,1,0.92,0.15,0.002,0.0104,27,515,680,16,50
VbG,0.16,0.47,0.62,0.01,0.01,0.19,1,0.92,0.15,0.002,0.0104,100,508,644,17,62
VbG,0.16,0.47,0.62,0.01,0.01,0.19,1,0.92,0.15,0.002,0.0104,200,494,623,14,40
VbG,0.16,0.47,0.62,0.01,0.01,0.19,1,0.92,0.15,0.002,0.0104,300,464,593,14,54
VbG,0.16,0.47,0.62,0.01,0.01,0.19,1,0.92,0.15,0.002,0.0104,400,440,580,15,53
VbG,0.16,0.47,0.62,0.01,0.01,0.19,1,0.92,0.15,0.002,0.0104,450,447,551,12,40
VbG,0.16,0.47,0.62,0.01,0.01,0.19,1,0.92,0.15,0.002,0.0104,500,421,504,16,58
VbG,0.16,0.47,0.62,0.01,0.01,0.19,1,0.92,0.15,0.002,0.0104,550,384,450,15,62
VbG,0.16,0.47,0.62,0.01,0.01,0.19,1,0.92,0.15,0.002,0.0104,600,335,389,17,77
VbG,0.16,0.47,0.62,0.01,0.01,0.19,1,0.92,0.15,0.002,0.0104,650,269,342,29,86
VbH,0.18,0.37,0.61,0.019,0.018,0.11,1.09,1.12,0.07,0.016,0.0064,27,650,790,16,49
VbH,0.18,0.37,0.61,0.019,0.018,0.11,1.09,1.12,0.07,0.016,0.0064,100,520,653,17,57
VbH,0.18,0.37,0.61,0.019,0.018,0.11,1.09,1.12,0.07,0.016,0.0064,200,516,644,15,51
VbH,0.18,0.37,0.61,0.019,0.018,0.11,1.09,1.12,0.07,0.016,0.0064,300,199,660,12,45
VbH,0.18,0.37,0.61,0.019,0.018,0.11,1.09,1.12,0.07,0.016,0.0064,400,530,655,14,42
VbH,0.18,0.37,0.61,0.019,0.018,0.11,1.09,1.12,0.07,0.016,0.0064,450,534,632,15,51
VbH,0.18,0.37,0.61,0.019,0.018,0.11,1.09,1.12,0.07,0.016,0.0064,500,440,540,13,51
VbH,0.18,0.37,0.61,0.019,0.018,0.11,1.09,1.12,0.07,0.016,0.0064,550,445,517,16,68
VbH,0.18,0.37,0.61,0.019,0.018,0.11,1.09,1.12,0.07,0.016,0.0064,600,403,466,19,74
VbH,0.18,0.37,0.61,0.019,0.018,0.11,1.09,1.12,0.07,0.016,0.0064,650,318,393,21,78
VbJ,0.16,0.52,0.79,0.01,0.008,0.13,1.16,0.97,0.11,0.003,0.0106,27,570,720,17,62
VbJ,0.16,0.52,0.79,0.01,0.008,0.13,1.16,0.97,0.11,0.003,0.0106,100,540,665,15,58
VbJ,0.16,0.52,0.79,0.01,0.008,0.13,1.16,0.97,0.11,0.003,0.0106,200,522,638,13,40
VbJ,0.16,0.52,0.79,0.01,0.008,0.13,1.16,0.97,0.11,0.003,0.0106,300,513,660,15,52
VbJ,0.16,0.52,0.79,0.01,0.008,0.13,1.16,0.97,0.11,0.003,0.0106,400,499,632,18,53
VbJ,0.16,0.52,0.79,0.01,0.008,0.13,1.16,0.97,0.11,0.003,0.0106,450,463,580,19,67
VbJ,0.16,0.52,0.79,0.01,0.008,0.13,1.16,0.97,0.11,0.003,0.0106,500,453,535,19,70
VbJ,0.16,0.52,0.79,0.01,0.008,0.13,1.16,0.97,0.11,0.003,0.0106,550,395,465,21,80
VbJ,0.16,0.52,0.79,0.01,0.008,0.13,1.16,0.97,0.11,0.003,0.0106,600,338,405,26,84
VbJ,0.16,0.52,0.79,0.01,0.008,0.13,1.16,0.97,0.11,0.003,0.0106,650,262,341,31,91
VbM,0.18,0.39,0.63,0.012,0.012,0.23,1.22,0.89,0.17,0.002,0.0103,27,525,680,19,64
VbM,0.18,0.39,0.63,0.012,0.012,0.23,1.22,0.89,0.17,0.002,0.0103,100,499,635,18,64
VbM,0.18,0.39,0.63,0.012,0.012,0.23,1.22,0.89,0.17,0.002,0.0103,200,162,603,18,61
VbM,0.18,0.39,0.63,0.012,0.012,0.23,1.22,0.89,0.17,0.002,0.0103,300,459,601,15,56
VbM,0.18,0.39,0.63,0.012,0.012,0.23,1.22,0.89,0.17,0.002,0.0103,400,473,587,14,51
VbM,0.18,0.39,0.63,0.012,0.012,0.23,1.22,0.89,0.17,0.002,0.0103,450,434,542,17,60
VbM,0.18,0.39,0.63,0.012,0.012,0.23,1.22,0.89,0.17,0.002,0.0103,500,411,498,16,66
VbM,0.18,0.39,0.63,0.012,0.012,0.23,1.22,0.89,0.17,0.002,0.0103,550,380,446,18,74
VbM,0.18,0.39,0.63,0.012,0.012,0.23,1.22,0.89,0.17,0.002,0.0103,600,323,386,25,81
VbM,0.18,0.39,0.63,0.012,0.012,0.23,1.22,0.89,0.17,0.002,0.0103,650,262,333,20,83
VbN,0.15,0.52,0.78,0.01,0.009,0.12,1.17,0.98,0.08,0.003,0.0106,27,555,680,20,69
VbN,0.15,0.52,0.78,0.01,0.009,0.12,1.17,0.98,0.08,0.003,0.0106,100,534,654,18,68
VbN,0.15,0.52,0.78,0.01,0.009,0.12,1.17,0.98,0.08,0.003,0.0106,200,501,619,18,70
VbN,0.15,0.52,0.78,0.01,0.009,0.12,1.17,0.98,0.08,0.003,0.0106,300,496,607,16,66
VbN,0.15,0.52,0.78,0.01,0.009,0.12,1.17,0.98,0.08,0.003,0.0106,400,480,582,18,68
VbN,0.15,0.52,0.78,0.01,0.009,0.12,1.17,0.98,0.08,0.003,0.0106,450,450,540,18,70
VbN,0.15,0.52,0.78,0.01,0.009,0.12,1.17,0.98,0.08,0.003,0.0106,500,433,505,19,75
VbN,0.15,0.52,0.78,0.01,0.009,0.12,1.17,0.98,0.08,0.003,0.0106,550,408,162,18,80
VbN,0.15,0.52,0.78,0.01,0.009,0.12,1.17,0.98,0.08,0.003,0.0106,600,344,397,25,87
VbN,0.15,0.52,0.78,0.01,0.009,0.12,1.17,0.98,0.08,0.003,0.0106,650,252,333,23,88
CbA,0.15,0.3,1.14,0.009,0.021,0.31,0.2,0.08,0.14,0.028,0.0082,27,468,592,25,73
CbA,0.15,0.3,1.14,0.009,0.021,0.31,0.2,0.08,0.14,0.028,0.0082,100,434,545,22,73
CbA,0.15,0.3,1.14,0.009,0.021,0.31,0.2,0.08,0.14,0.028,0.0082,200,439,557,21,70
CbA,0.15,0.3,1.14,0.009,0.021,0.31,0.2,0.08,0.14,0.028,0.0082,300,421,596,24,64
CbA,0.15,0.3,1.14,0.009,0.021,0.31,0.2,0.08,0.14,0.028,0.0082,350,403,566,28,69
CbA,0.15,0.3,1.14,0.009,0.021,0.31,0.2,0.08,0.14,0.028,0.0082,400,410,513,29,74
CbA,0.15,0.3,1.14,0.009,0.021,0.31,0.2,0.08,0.14,0.028,0.0082,450,350,457,27,77
CbA,0.15,0.3,1.14,0.009,0.021,0.31,0.2,0.08,0.14,0.028,0.0082,500,349,426,26,81
CbA,0.15,0.3,1.14,0.009,0.021,0.31,0.2,0.08,0.14,0.028,0.0082,550,271,344,29,74
CbA,0.15,0.3,1.14,0.009,0.021,0.31,0.2,0.08,0.14,0.028,0.0082,600,194,276,42,71
CbB,0.15,0.28,1.32,0.019,0.005,0.077,0.053,0.008,0.08,0.017,0.0066,27,483,625,22,65
CbB,0.15,0.28,1.32,0.019,0.005,0.077,0.053,0.008,0.08,0.017,0.0066,100,513,645,18,60
CbB,0.15,0.28,1.32,0.019,0.005,0.077,0.053,0.008,0.08,0.017,0.0066,200,450,623,19,61
CbB,0.15,0.28,1.32,0.019,0.005,0.077,0.053,0.008,0.08,0.017,0.0066,300,452,634,19,58
CbB,0.15,0.28,1.32,0.019,0.005,0.077,0.053,0.008,0.08,0.017,0.0066,350,436,614,24,67
CbB,0.15,0.28,1.32,0.019,0.005,0.077,0.053,0.008,0.08,0.017,0.0066,400,415,569,23,69
CbB,0.15,0.28,1.32,0.019,0.005,0.077,0.053,0.008,0.08,0.017,0.0066,450,375,490,27,74
CbB,0.15,0.28,1.32,0.019,0.005,0.077,0.053,0.008,0.08,0.017,0.0066,500,303,410,24,79
CbB,0.15,0.28,1.32,0.019,0.005,0.077,0.053,0.008,0.08,0.017,0.0066,550,264,363,32,80
CbB,0.15,0.28,1.32,0.019,0.005,0.077,0.053,0.008,0.08,0.017,0.0066,600,189,288,28,80
CbC,0.16,0.28,1.14,0.017,0.016,0.33,0.24,0.08,0.13,0.015,0.0067,27,590,692,21,68
CbC,0.16,0.28,1.14,0.017,0.016,0.33,0.24,0.08,0.13,0.015,0.0067,100,591,682,17,66
CbC,0.16,0.28,1.14,0.017,0.016,0.33,0.24,0.08,0.13,0.015,0.0067,200,570,670,17,64
CbC,0.16,0.28,1.14,0.017,0.016,0.33,0.24,0.08,0.13,0.015,0.0067,300,566,701,21,61
CbC,0.16,0.28,1.14,0.017,0.016,0.33,0.24,0.08,0.13,0.015,0.0067,350,526,659,23,66
CbC,0.16,0.28,1.14,0.017,0.016,0.33,0.24,0.08,0.13,0.015,0.0067,400,530,600,23,72
CbC,0.16,0.28,1.14,0.017,0.016,0.33,0.24,0.08,0.13,0.015,0.0067,450,467,543,20,76
CbC,0.16,0.28,1.14,0.017,0.016,0.33,0.24,0.08,0.13,0.015,0.0067,500,403,476,22,75
CbC,0.16,0.28,1.14,0.017,0.016,0.33,0.24,0.08,0.13,0.015,0.0067,550,288,387,20,68
CbC,0.16,0.28,1.14,0.017,0.016,0.33,0.24,0.08,0.13,0.015,0.0067,600,186,316,31,45
CbD,0.16,0.48,1.21,0.017,0.009,0.02,0.02,0.1,0.02,0.04,0.0028,27,574,698,20,71
CbD,0.16,0.48,1.21,0.017,0.009,0.02,0.02,0.1,0.02,0.04,0.0028,100,512,637,20,71
CbD,0.16,0.48,1.21,0.017,0.009,0.02,0.02,0.1,0.02,0.04,0.0028,200,513,641,19,70
CbD,0.16,0.48,1.21,0.017,0.009,0.02,0.02,0.1,0.02,0.04,0.0028,300,486,649,21,73
CbD,0.16,0.48,1.21,0.017,0.009,0.02,0.02,0.1,0.02,0.04,0.0028,350,461,630,23,78
CbD,0.16,0.48,1.21,0.017,0.009,0.02,0.02,0.1,0.02,0.04,0.0028,400,431,567,24,82
CbD,0.16,0.48,1.21,0.017,0.009,0.02,0.02,0.1,0.02,0.04,0.0028,450,424,535,23,82
CbD,0.16,0.48,1.21,0.017,0.009,0.02,0.02,0.1,0.02,0.04,0.0028,500,380,466,22,87
CbD,0.16,0.48,1.21,0.017,0.009,0.02,0.02,0.1,0.02,0.04,0.0028,550,326,412,25,88
CbD,0.16,0.48,1.21,0.017,0.009,0.02,0.02,0.1,0.02,0.04,0.0028,600,252,338,27,86
CbE,0.13,0.33,1.23,0.014,0.015,0.44,0.04,0.076,0.04,0.032,0.0074,27,515,629,24,71
CbE,0.13,0.33,1.23,0.014,0.015,0.44,0.04,0.076,0.04,0.032,0.0074,100,500,592,21,70
CbE,0.13,0.33,1.23,0.014,0.015,0.44,0.04,0.076,0.04,0.032,0.0074,200,473,589,21,69
CbE,0.13,0.33,1.23,0.014,0.015,0.44,0.04,0.076,0.04,0.032,0.0074,300,459,624,24,68
CbE,0.13,0.33,1.23,0.014,0.015,0.44,0.04,0.076,0.04,0.032,0.0074,350,446,595,26,72
CbE,0.13,0.33,1.23,0.014,0.015,0.44,0.04,0.076,0.04,0.032,0.0074,400,399,530,25,75
CbE,0.13,0.33,1.23,0.014,0.015,0.44,0.04,0.076,0.04,0.032,0.0074,450,395,487,26,81
CbE,0.13,0.33,1.23,0.014,0.015,0.44,0.04,0.076,0.04,0.032,0.0074,500,368,430,29,85
CbE,0.13,0.33,1.23,0.014,0.015,0.44,0.04,0.076,0.04,0.032,0.0074,550,298,367,33,84
CbE,0.13,0.33,1.23,0.014,0.015,0.44,0.04,0.076,0.04,0.032,0.0074,600,218,300,37,82
CbF,0.14,0.3,1.09,0.008,0.015,0.39,0.12,0.09,0.17,0.032,0.0098,27,451,578,25,71
CbF,0.14,0.3,1.09,0.008,0.015,0.39,0.12,0.09,0.17,0.032,0.0098,100,424,534,23,72
CbF,0.14,0.3,1.09,0.008,0.015,0.39,0.12,0.09,0.17,0.032,0.0098,200,411,533,21,68
CbF,0.14,0.3,1.09,0.008,0.015,0.39,0.12,0.09,0.17,0.032,0.0098,300,396,571,24,62
CbF,0.14,0.3,1.09,0.008,0.015,0.39,0.12,0.09,0.17,0.032,0.0098,350,397,551,29,70
CbF,0.14,0.3,1.09,0.008,0.015,0.39,0.12,0.09,0.17,0.032,0.0098,400,351,490,27,72
CbF,0.14,0.3,1.09,0.008,0.015,0.39,0.12,0.09,0.17,0.032,0.0098,450,342,432,27,73
CbF,0.14,0.3,1.09,0.008,0.015,0.39,0.12,0.09,0.17,0.032,0.0098,500,300,380,25,76
CbF,0.14,0.3,1.09,0.008,0.015,0.39,0.12,0.09,0.17,0.032,0.0098,550,248,321,35,78
CbF,0.14,0.3,1.09,0.008,0.015,0.39,0.12,0.09,0.17,0.032,0.0098,600,189,269,39,74
CbG,0.14,0.21,1.29,0.016,0.008,0.21,0.02,0.06,0.09,0.021,0.0065,27,476,604,20,70
CbG,0.14,0.21,1.29,0.016,0.008,0.21,0.02,0.06,0.09,0.021,0.0065,100,456,572,19,69
CbG,0.14,0.21,1.29,0.016,0.008,0.21,0.02,0.06,0.09,0.021,0.0065,200,443,578,19,66
CbG,0.14,0.21,1.29,0.016,0.008,0.21,0.02,0.06,0.09,0.021,0.0065,300,432,602,18,62
CbG,0.14,0.21,1.29,0.016,0.008,0.21,0.02,0.06,0.09,0.021,0.0065,350,409,582,21,66
CbG,0.14,0.21,1.29,0.016,0.008,0.21,0.02,0.06,0.09,0.021,0.0065,400,422,548,25,71
CbG,0.14,0.21,1.29,0.016,0.008,0.21,0.02,0.06,0.09,0.021,0.0065,450,403,495,27,74
CbG,0.14,0.21,1.29,0.016,0.008,0.21,0.02,0.06,0.09,0.021,0.0065,500,357,433,26,77
CbG,0.14,0.21,1.29,0.016,0.008,0.21,0.02,0.06,0.09,0.021,0.0065,550,299,374,31,80
CbG,0.14,0.21,1.29,0.016,0.008,0.21,0.02,0.06,0.09,0.021,0.0065,600,230,310,37,81
CbH,0.148,0.49,1.27,0.03,0.005,0.04,0.19,0.02,0.03,0.036,0.0065,27,514,612,25,79
CbH,0.148,0.49,1.27,0.03,0.005,0.04,0.19,0.02,0.03,0.036,0.0065,100,497,593,22,77
CbH,0.148,0.49,1.27,0.03,0.005,0.04,0.19,0.02,0.03,0.036,0.0065,200,511,599,20,76
CbH,0.148,0.49,1.27,0.03,0.005,0.04,0.19,0.02,0.03,0.036,0.0065,300,451,618,24,71
CbH,0.148,0.49,1.27,0.03,0.005,0.04,0.19,0.02,0.03,0.036,0.0065,350,459,602,26,76
CbH,0.148,0.49,1.27,0.03,0.005,0.04,0.19,0.02,0.03,0.036,0.0065,400,415,544,28,82
CbH,0.148,0.49,1.27,0.03,0.005,0.04,0.19,0.02,0.03,0.036,0.0065,450,388,491,30,84
CbH,0.148,0.49,1.27,0.03,0.005,0.04,0.19,0.02,0.03,0.036,0.0065,500,328,409,34,90
CbH,0.148,0.49,1.27,0.03,0.005,0.04,0.19,0.02,0.03,0.036,0.0065,550,249,333,36,90
CbH,0.148,0.49,1.27,0.03,0.005,0.04,0.19,0.02,0.03,0.036,0.0065,600,190,282,47,89
CbJ,0.17,0.52,1.27,0.017,0.015,0.02,0.02,0.1,0.02,0.049,0.0026,27,623,736,19,70
CbJ,0.17,0.52,1.27,0.017,0.015,0.02,0.02,0.1,0.02,0.049,0.0026,100,637,736,18,69
CbJ,0.17,0.52,1.27,0.017,0.015,0.02,0.02,0.1,0.02,0.049,0.0026,200,594,712,18,67
CbJ,0.17,0.52,1.27,0.017,0.015,0.02,0.02,0.1,0.02,0.049,0.0026,300,573,711,19,69
CbJ,0.17,0.52,1.27,0.017,0.015,0.02,0.02,0.1,0.02,0.049,0.0026,350,517,660,20,76
CbJ,0.17,0.52,1.27,0.017,0.015,0.02,0.02,0.1,0.02,0.049,0.0026,400,500,630,22,80
CbJ,0.17,0.52,1.27,0.017,0.015,0.02,0.02,0.1,0.02,0.049,0.0026,450,483,576,19,81
CbJ,0.17,0.52,1.27,0.017,0.015,0.02,0.02,0.1,0.02,0.049,0.0026,500,452,536,17,86
CbJ,0.17,0.52,1.27,0.017,0.015,0.02,0.02,0.1,0.02,0.049,0.0026,550,368,464,22,87
CbJ,0.17,0.52,1.27,0.017,0.015,0.02,0.02,0.1,0.02,0.049,0.0026,600,247,366,27,85
CbL,0.12,0.33,1.37,0.016,0.012,0.19,0.03,0.01,0.03,0.042,0.007,27,666,676,23,70
CbL,0.12,0.33,1.37,0.016,0.012,0.19,0.03,0.01,0.03,0.042,0.007,100,541,647,21,68
CbL,0.12,0.33,1.37,0.016,0.012,0.19,0.03,0.01,0.03,0.042,0.007,200,507,630,19,68
CbL,0.12,0.33,1.37,0.016,0.012,0.19,0.03,0.01,0.03,0.042,0.007,300,491,660,22,65
CbL,0.12,0.33,1.37,0.016,0.012,0.19,0.03,0.01,0.03,0.042,0.007,350,467,630,28,75
CbL,0.12,0.33,1.37,0.016,0.012,0.19,0.03,0.01,0.03,0.042,0.007,400,450,580,26,77
CbL,0.12,0.33,1.37,0.016,0.012,0.19,0.03,0.01,0.03,0.042,0.007,450,409,517,28,79
CbL,0.12,0.33,1.37,0.016,0.012,0.19,0.03,0.01,0.03,0.042,0.007,500,361,452,27,85
CbL,0.12,0.33,1.37,0.016,0.012,0.19,0.03,0.01,0.03,0.042,0.007,550,281,382,30,82
CbL,0.12,0.33,1.37,0.016,0.012,0.19,0.03,0.01,0.03,0.042,0.007,600,206,311,50,79
CbM,0.13,0.34,1.23,0.012,0.016,0.46,0.03,0.072,0.02,0.035,0.0065,27,533,636,24,72
CbM,0.13,0.34,1.23,0.012,0.016,0.46,0.03,0.072,0.02,0.035,0.0065,100,510,612,19,69
CbM,0.13,0.34,1.23,0.012,0.016,0.46,0.03,0.072,0.02,0.035,0.0065,200,482,602,19,67
CbM,0.13,0.34,1.23,0.012,0.016,0.46,0.03,0.072,0.02,0.035,0.0065,300,464,636,22,64
CbM,0.13,0.34,1.23,0.012,0.016,0.46,0.03,0.072,0.02,0.035,0.0065,350,437,609,27,76
CbM,0.13,0.34,1.23,0.012,0.016,0.46,0.03,0.072,0.02,0.035,0.0065,400,447,566,25,77
CbM,0.13,0.34,1.23,0.012,0.016,0.46,0.03,0.072,0.02,0.035,0.0065,450,396,496,26,83
CbM,0.13,0.34,1.23,0.012,0.016,0.46,0.03,0.072,0.02,0.035,0.0065,500,359,436,29,86
CbM,0.13,0.34,1.23,0.012,0.016,0.46,0.03,0.072,0.02,0.035,0.0065,550,301,376,33,85
CbM,0.13,0.34,1.23,0.012,0.016,0.46,0.03,0.072,0.02,0.035,0.0065,600,217,312,38,82
CbN,0.12,0.37,1.32,0.012,0.012,0.22,0.03,0.07,0.07,0.03,0.0064,27,455,571,28,75
CbN,0.12,0.37,1.32,0.012,0.012,0.22,0.03,0.07,0.07,0.03,0.0064,100,426,533,26,75
CbN,0.12,0.37,1.32,0.012,0.012,0.22,0.03,0.07,0.07,0.03,0.0064,200,394,530,23,72
CbN,0.12,0.37,1.32,0.012,0.012,0.22,0.03,0.07,0.07,0.03,0.0064,300,372,571,25,68
CbN,0.12,0.37,1.32,0.012,0.012,0.22,0.03,0.07,0.07,0.03,0.0064,350,357,562,30,74
CbN,0.12,0.37,1.32,0.012,0.012,0.22,0.03,0.07,0.07,0.03,0.0064,400,341,509,30,76
CbN,0.12,0.37,1.32,0.012,0.012,0.22,0.03,0.07,0.07,0.03,0.0064,450,321,450,32,78
CbN,0.12,0.37,1.32,0.012,0.012,0.22,0.03,0.07,0.07,0.03,0.0064,500,293,389,32,83
CbN,0.12,0.37,1.32,0.012,0.012,0.22,0.03,0.07,0.07,0.03,0.0064,550,244,326,39,85
CbN,0.12,0.37,1.32,0.012,0.012,0.22,0.03,0.07,0.07,0.03,0.0064,600,185,258,51,82
CbR,0.16,0.29,1.42,0.013,0.006,0.041,0.054,0.011,0.08,0.006,0.0048,27,501,630,24,72
CbR,0.16,0.29,1.42,0.013,0.006,0.041,0.054,0.011,0.08,0.006,0.0048,100,513,642,20,71
CbR,0.16,0.29,1.42,0.013,0.006,0.041,0.054,0.011,0.08,0.006,0.0048,200,482,636,20,70
CbR,0.16,0.29,1.42,0.013,0.006,0.041,0.054,0.011,0.08,0.006,0.0048,300,408,614,25,73
CbR,0.16,0.29,1.42,0.013,0.006,0.041,0.054,0.011,0.08,0.006,0.0048,350,451,623,25,75
CbR,0.16,0.29,1.42,0.013,0.006,0.041,0.054,0.011,0.08,0.006,0.0048,400,422,551,24,78
CbR,0.16,0.29,1.42,0.013,0.006,0.041,0.054,0.011,0.08,0.006,0.0048,450,388,505,27,81
CbR,0.16,0.29,1.42,0.013,0.006,0.041,0.054,0.011,0.08,0.006,0.0048,500,303,408,33,87
CbR,0.16,0.29,1.42,0.013,0.006,0.041,0.054,0.011,0.08,0.006,0.0048,550,251,343,27,89
CbR,0.16,0.29,1.42,0.013,0.006,0.041,0.054,0.011,0.08,0.006,0.0048,600,191,290,40,91
CbS,0.123,0.44,1.19,0.021,0.006,0.05,0.2,0.02,0.03,0.04,0.006,27,530,630,24,77
CbS,0.123,0.44,1.19,0.021,0.006,0.05,0.2,0.02,0.03,0.04,0.006,100,486,578,22,77
CbS,0.123,0.44,1.19,0.021,0.006,0.05,0.2,0.02,0.03,0.04,0.006,200,465,570,21,77
CbS,0.123,0.44,1.19,0.021,0.006,0.05,0.2,0.02,0.03,0.04,0.006,300,511,664,23,71
CbS,0.123,0.44,1.19,0.021,0.006,0.05,0.2,0.02,0.03,0.04,0.006,350,451,598,29,81
CbS,0.123,0.44,1.19,0.021,0.006,0.05,0.2,0.02,0.03,0.04,0.006,400,459,576,24,81
CbS,0.123,0.44,1.19,0.021,0.006,0.05,0.2,0.02,0.03,0.04,0.006,450,383,475,31,84
CbS,0.123,0.44,1.19,0.021,0.006,0.05,0.2,0.02,0.03,0.04,0.006,500,338,424,31,90
CbS,0.123,0.44,1.19,0.021,0.006,0.05,0.2,0.02,0.03,0.04,0.006,550,276,364,39,90
CbS,0.123,0.44,1.19,0.021,0.006,0.05,0.2,0.02,0.03,0.04,0.006,600,206,317,51,87
CbT,0.14,0.38,1.24,0.014,0.014,0.43,0.03,0.084,0.05,0.04,0.0066,27,539,648,24,72
CbT,0.14,0.38,1.24,0.014,0.014,0.43,0.03,0.084,0.05,0.04,0.0066,100,508,614,20,71
CbT,0.14,0.38,1.24,0.014,0.014,0.43,0.03,0.084,0.05,0.04,0.0066,200,497,609,19,70
CbT,0.14,0.38,1.24,0.014,0.014,0.43,0.03,0.084,0.05,0.04,0.0066,300,471,637,21,68
CbT,0.14,0.38,1.24,0.014,0.014,0.43,0.03,0.084,0.05,0.04,0.0066,350,447,609,25,75
CbT,0.14,0.38,1.24,0.014,0.014,0.43,0.03,0.084,0.05,0.04,0.0066,400,438,559,26,78
CbT,0.14,0.38,1.24,0.014,0.014,0.43,0.03,0.084,0.05,0.04,0.0066,450,403,503,23,79
CbT,0.14,0.38,1.24,0.014,0.014,0.43,0.03,0.084,0.05,0.04,0.0066,500,362,441,24,85
CbT,0.14,0.38,1.24,0.014,0.014,0.43,0.03,0.084,0.05,0.04,0.0066,550,313,378,25,85
CbT,0.14,0.38,1.24,0.014,0.014,0.43,0.03,0.084,0.05,0.04,0.0066,600,229,313,39,83
CbU,0.14,0.33,1.45,0.025,0.012,0.18,0.03,0.01,0.02,0.05,0.0051,27,513,660,22,71
CbU,0.14,0.33,1.45,0.025,0.012,0.18,0.03,0.01,0.02,0.05,0.0051,100,521,625,20,69
CbU,0.14,0.33,1.45,0.025,0.012,0.18,0.03,0.01,0.02,0.05,0.0051,200,500,616,20,65
CbU,0.14,0.33,1.45,0.025,0.012,0.18,0.03,0.01,0.02,0.05,0.0051,300,488,655,21,64
CbU,0.14,0.33,1.45,0.025,0.012,0.18,0.03,0.01,0.02,0.05,0.0051,350,469,630,25,71
CbU,0.14,0.33,1.45,0.025,0.012,0.18,0.03,0.01,0.02,0.05,0.0051,400,437,570,26,76
CbU,0.14,0.33,1.45,0.025,0.012,0.18,0.03,0.01,0.02,0.05,0.0051,450,402,509,27,82
CbU,0.14,0.33,1.45,0.025,0.012,0.18,0.03,0.01,0.02,0.05,0.0051,500,345,444,36,88
CbU,0.14,0.33,1.45,0.025,0.012,0.18,0.03,0.01,0.02,0.05,0.0051,550,278,367,36,89
CbU,0.14,0.33,1.45,0.025,0.012,0.18,0.03,0.01,0.02,0.05,0.0051,600,193,299,54,88
CbV,0.15,0.25,1.38,0.014,0.006,0.04,0.041,0.006,0.08,0.015,0.0076,27,483,618,23,71
CbV,0.15,0.25,1.38,0.014,0.006,0.04,0.041,0.006,0.08,0.015,0.0076,100,468,586,24,71
CbV,0.15,0.25,1.38,0.014,0.006,0.04,0.041,0.006,0.08,0.015,0.0076,200,411,585,22,68
CbV,0.15,0.25,1.38,0.014,0.006,0.04,0.041,0.006,0.08,0.015,0.0076,300,399,583,20,67
CbV,0.15,0.25,1.38,0.014,0.006,0.04,0.041,0.006,0.08,0.015,0.0076,350,395,573,24,68
CbV,0.15,0.25,1.38,0.014,0.006,0.04,0.041,0.006,0.08,0.015,0.0076,400,360,517,24,72
CbV,0.15,0.25,1.38,0.014,0.006,0.04,0.041,0.006,0.08,0.015,0.0076,450,312,442,28,75
CbV,0.15,0.25,1.38,0.014,0.006,0.04,0.041,0.006,0.08,0.015,0.0076,500,265,378,39,79
CbV,0.15,0.25,1.38,0.014,0.006,0.04,0.041,0.006,0.08,0.015,0.0076,550,229,330,39,78
CbV,0.15,0.25,1.38,0.014,0.006,0.04,0.041,0.006,0.08,0.015,0.0076,600,185,270,31,77
CbW,0.143,0.5,1.2,0.03,0.007,0.06,0.17,0.02,0.02,0.029,0.0068,27,488,601,27,77
CbW,0.143,0.5,1.2,0.03,0.007,0.06,0.17,0.02,0.02,0.029,0.0068,100,463,569,24,78
CbW,0.143,0.5,1.2,0.03,0.007,0.06,0.17,0.02,0.02,0.029,0.0068,200,445,585,22,72
CbW,0.143,0.5,1.2,0.03,0.007,0.06,0.17,0.02,0.02,0.029,0.0068,300,425,604,25,74
CbW,0.143,0.5,1.2,0.03,0.007,0.06,0.17,0.02,0.02,0.029,0.0068,350,420,599,28,76
CbW,0.143,0.5,1.2,0.03,0.007,0.06,0.17,0.02,0.02,0.029,0.0068,400,407,530,30,82
CbW,0.143,0.5,1.2,0.03,0.007,0.06,0.17,0.02,0.02,0.029,0.0068,450,356,468,32,84
CbW,0.143,0.5,1.2,0.03,0.007,0.06,0.17,0.02,0.02,0.029,0.0068,500,328,416,38,89
CbW,0.143,0.5,1.2,0.03,0.007,0.06,0.17,0.02,0.02,0.029,0.0068,550,256,328,46,91
CbW,0.143,0.5,1.2,0.03,0.007,0.06,0.17,0.02,0.02,0.029,0.0068,600,193,279,54,91
CbX,0.17,0.49,1.26,0.013,0.01,0.01,0.02,0.09,0.02,0.045,0.0025,27,537,672,22,71
CbX,0.17,0.49,1.26,0.013,0.01,0.01,0.02,0.09,0.02,0.045,0.0025,100,508,640,19,69
CbX,0.17,0.49,1.26,0.013,0.01,0.01,0.02,0.09,0.02,0.045,0.0025,200,532,666,18,68
CbX,0.17,0.49,1.26,0.013,0.01,0.01,0.02,0.09,0.02,0.045,0.0025,300,461,634,21,70
CbX,0.17,0.49,1.26,0.013,0.01,0.01,0.02,0.09,0.02,0.045,0.0025,350,465,632,26,80
CbX,0.17,0.49,1.26,0.013,0.01,0.01,0.02,0.09,0.02,0.045,0.0025,400,413,566,28,83
CbX,0.17,0.49,1.26,0.013,0.01,0.01,0.02,0.09,0.02,0.045,0.0025,450,411,519,24,83
CbX,0.17,0.49,1.26,0.013,0.01,0.01,0.02,0.09,0.02,0.045,0.0025,500,394,478,25,88
CbX,0.17,0.49,1.26,0.013,0.01,0.01,0.02,0.09,0.02,0.045,0.0025,550,335,415,24,87
CbX,0.17,0.49,1.26,0.013,0.01,0.01,0.02,0.09,0.02,0.045,0.0025,600,234,330,37,84
CbY,0.13,0.42,1.28,0.014,0.012,0.21,0.22,0.05,0.04,0.037,0.0072,27,476,603,27,76
CbY,0.13,0.42,1.28,0.014,0.012,0.21,0.22,0.05,0.04,0.037,0.0072,100,451,567,24,76
CbY,0.13,0.42,1.28,0.014,0.012,0.21,0.22,0.05,0.04,0.037,0.0072,200,426,569,24,74
CbY,0.13,0.42,1.28,0.014,0.012,0.21,0.22,0.05,0.04,0.037,0.0072,300,410,607,27,70
CbY,0.13,0.42,1.28,0.014,0.012,0.21,0.22,0.05,0.04,0.037,0.0072,350,391,580,29,75
CbY,0.13,0.42,1.28,0.014,0.012,0.21,0.22,0.05,0.04,0.037,0.0072,400,378,532,29,79
CbY,0.13,0.42,1.28,0.014,0.012,0.21,0.22,0.05,0.04,0.037,0.0072,450,359,473,30,82
CbY,0.13,0.42,1.28,0.014,0.012,0.21,0.22,0.05,0.04,0.037,0.0072,500,325,405,32,85
CbY,0.13,0.42,1.28,0.014,0.012,0.21,0.22,0.05,0.04,0.037,0.0072,550,253,341,38,84
CbY,0.13,0.42,1.28,0.014,0.012,0.21,0.22,0.05,0.04,0.037,0.0072,600,193,276,50,78
CbZ,0.16,0.41,1.48,0.014,0.01,0.02,0.02,0.01,0.03,0.033,0.0079,27,577,693,20,62
CbZ,0.16,0.41,1.48,0.014,0.01,0.02,0.02,0.01,0.03,0.033,0.0079,100,546,663,17,60
CbZ,0.16,0.41,1.48,0.014,0.01,0.02,0.02,0.01,0.03,0.033,0.0079,200,542,679,18,60
CbZ,0.16,0.41,1.48,0.014,0.01,0.02,0.02,0.01,0.03,0.033,0.0079,300,483,664,18,59
CbZ,0.16,0.41,1.48,0.014,0.01,0.02,0.02,0.01,0.03,0.033,0.0079,350,487,655,25,66
CbZ,0.16,0.41,1.48,0.014,0.01,0.02,0.02,0.01,0.03,0.033,0.0079,400,452,583,24,71
CbZ,0.16,0.41,1.48,0.014,0.01,0.02,0.02,0.01,0.03,0.033,0.0079,450,404,513,25,78
CbZ,0.16,0.41,1.48,0.014,0.01,0.02,0.02,0.01,0.03,0.033,0.0079,500,360,450,31,83
CbZ,0.16,0.41,1.48,0.014,0.01,0.02,0.02,0.01,0.03,0.033,0.0079,550,27,375,38,81
CbZ,0.16,0.41,1.48,0.014,0.01,0.02,0.02,0.01,0.03,0.033,0.0079,600,198,313,30,77
CCA,0.23,0.23,1.23,0.027,0.012,0.03,0.04,0.017,0.01,0.003,0.0111,27,359,578,27,70
CCA,0.23,0.23,1.23,0.027,0.012,0.03,0.04,0.017,0.01,0.003,0.0111,100,371,558,20,65
CCA,0.23,0.23,1.23,0.027,0.012,0.03,0.04,0.017,0.01,0.003,0.0111,150,367,651,16,51
CCA,0.23,0.23,1.23,0.027,0.012,0.03,0.04,0.017,0.01,0.003,0.0111,200,358,690,17,45
CCA,0.23,0.23,1.23,0.027,0.012,0.03,0.04,0.017,0.01,0.003,0.0111,250,305,696,22,49
CCA,0.23,0.23,1.23,0.027,0.012,0.03,0.04,0.017,0.01,0.003,0.0111,300,290,677,27,59
CCA,0.23,0.23,1.23,0.027,0.012,0.03,0.04,0.017,0.01,0.003,0.0111,350,258,627,30,65
CCA,0.23,0.23,1.23,0.027,0.012,0.03,0.04,0.017,0.01,0.003,0.0111,400,243,572,29,67
CCA,0.23,0.23,1.23,0.027,0.012,0.03,0.04,0.017,0.01,0.003,0.0111,450,240,498,30,72
CCA,0.23,0.23,1.23,0.027,0.012,0.03,0.04,0.017,0.01,0.003,0.0111,500,181,416,33,79
CCA,0.23,0.23,1.23,0.027,0.012,0.03,0.04,0.017,0.01,0.003,0.0111,550,203,320,40,86
CCB,0.22,0.22,1.24,0.021,0.008,0.03,0.05,0.017,0.01,0.005,0.0116,27,382,580,28,70
CCB,0.22,0.22,1.24,0.021,0.008,0.03,0.05,0.017,0.01,0.005,0.0116,100,381,561,22,66
CCB,0.22,0.22,1.24,0.021,0.008,0.03,0.05,0.017,0.01,0.005,0.0116,150,372,650,18,49
CCB,0.22,0.22,1.24,0.021,0.008,0.03,0.05,0.017,0.01,0.005,0.0116,200,396,705,16,47
CCB,0.22,0.22,1.24,0.021,0.008,0.03,0.05,0.017,0.01,0.005,0.0116,250,326,710,22,48
CCB,0.22,0.22,1.24,0.021,0.008,0.03,0.05,0.017,0.01,0.005,0.0116,300,282,682,27,56
CCB,0.22,0.22,1.24,0.021,0.008,0.03,0.05,0.017,0.01,0.005,0.0116,350,268,632,28,65
CCB,0.22,0.22,1.24,0.021,0.008,0.03,0.05,0.017,0.01,0.005,0.0116,400,244,575,28,68
CCB,0.22,0.22,1.24,0.021,0.008,0.03,0.05,0.017,0.01,0.005,0.0116,450,224,500,29,72
CCB,0.22,0.22,1.24,0.021,0.008,0.03,0.05,0.017,0.01,0.005,0.0116,500,209,428,30,78
CCB,0.22,0.22,1.24,0.021,0.008,0.03,0.05,0.017,0.01,0.005,0.0116,550,200,328,40,86
